Cyclone,Peak_Date,SST_Large,SST_Anom,SST_Submeso,MSLA_Large,MSLA_Anom,MSLA_Submeso,Category,Max_Wind_mph,Min_Pressure_mb,Z_SST,Z_MSLA,Z_V,COCI_A,COCI_B,COCI_C,COCI_D,COCI_A_Class,COCI_B_Class,COCI_C_Class,COCI_D_Class,COCI_Scale_0_to_1,COCI_Score_100
ALBERTO,2024-06-20,-0.2189002850895924,-0.0067017738891452,0.0162303816695588,0.0097331724262042,-0.0011617642183554,0.0024877508830603,TS,50,993,-0.9333239833926125,-2.4844816434340284,-0.9864508635099982,-1.4680854967788797,3.3714973118924707,-1.823669679744835,-1.7089028134133204,Suppressed,Extreme,Suppressed,Suppressed,0.0878891535632092,8.78891535632092
BERYL,2024-07-02,0.430273769684284,0.0001828963519894,0.0057277516695519,0.0067608819558881,1.0912227065169693e-05,-0.0002930853927006,5,165,934,0.18698083987379802,0.10674449990315851,1.9435041847299637,0.7457431748356401,0.5708564270177454,0.140926153219957,0.14686266988847826,Moderate,Moderate,Moderate,Moderate,0.6203245185748089,62.032451857480886
CHRIS,2024-07-01,-0.0369931293228837,0.0061397922189456,-0.0062107927523641,-0.0403500482643251,0.0015385734401727,-0.0015655131276548,TS,40,1005,1.156314001478786,3.482369284578312,-1.2412295633569514,1.1324845742333822,-5.757670829703841,2.491441541467028,2.319341643028549,Strong,Suppressed,Extreme,Extreme,0.7133374968570273,71.33374968570273
DEBBY,2024-08-05,0.0992156983262901,-0.0084876916791482,-0.0288681505632417,0.0048815197900938,-0.0001474610731067,-0.0008526314021836,1,80,979,-1.2239366407924417,-0.24320798478647565,-0.22211476396913862,-0.5630864631826853,0.32587448221905146,-0.6610102789802601,-0.7335723127894587,Weak,Moderate,Weak,Weak,0.30554533308884724,30.554533308884725
ERNESTO,2024-08-16,-0.0436125521403951,0.0016591213588057,0.0045189092490079,0.0029857484838436,8.806935584150359e-05,0.0001276759135748,2,100,967,0.4271988804535076,0.27723617304183634,0.2874426357247678,0.3306258964067039,0.20248466847361948,0.34112210399369625,0.352217526747672,Moderate,Moderate,Moderate,Moderate,0.5204870187281099,52.04870187281099
FRANCINE,2024-09-11,-0.3562074119076932,-0.0068341248342315,-0.0275902771191585,0.0181001699848213,-0.0021093673512394,0.000345213420495,1,90,976,-0.9548607305352926,-4.5783703891541805,0.032663935877814576,-1.833522394603886,-0.1807371064906651,-3.0347113565225308,-2.7666155598447366,Suppressed,Weak,Suppressed,Suppressed,0.0,0.0
GORDON,2024-09-14,-0.0661867919577439,-1.7882151954227582e-17,2.0015817812405727e-18,0.0085158296492911,7.805221188752585e-19,-1.2902508495693045e-18,TS,45,1004,0.15721911445849207,0.08263209603957075,-1.1138402134334748,-0.29132966764513735,-0.2671559234934396,0.1144070699038093,0.11992560524903141,Weak,Weak,Moderate,Moderate,0.37090401711063026,37.09040171106302
HELENE,2024-09-27,-0.2843745053747177,0.0102130131870166,-0.0009103094425968,0.0036921487524495,0.000138238884277,0.0009477809577354,4,140,941,1.8191270247511675,0.38809419716999494,1.3065574351125806,1.171259552344581,2.88386129843937,0.9977315262809281,1.1036106109605812,Strong,Extreme,Moderate,Strong,0.7226630467013595,72.26630467013595
ISAAC,2024-09-28,-0.1366546753885273,-0.0001187788005069,-0.0026490795552697,-0.0024869550614196,9.75602841888784e-05,-7.576388852244032e-05,2,105,968,0.13789088834904098,0.29820797797089116,0.41483198564824436,0.28364361732272547,0.18090775865444572,0.2299109546991738,0.21804943315996606,Moderate,Moderate,Moderate,Moderate,0.509187577522973,50.918757752297296
JOYCE,2024-09-27,-0.2452760230489907,3.088521142598764e-17,-4.749617217647669e-17,-0.0022841126126126,-8.001607384685731e-20,-3.200642953874324e-19,TS,50,1001,0.15721911445850004,0.08263209603956885,-0.9864508635099982,-0.24886655100397645,-0.2366014337097384,0.11440706990381161,0.11992560524903445,Weak,Weak,Moderate,Moderate,0.38111658021375344,38.11165802137534
KIRK,2024-10-04,-0.3144369056405089,-0.000459682965312,-0.0029271631052636,-0.0028410976050206,5.123538820919169e-05,0.0001510323126178,4,145,934,0.08241741369794126,0.19584531688163456,1.4339467850360572,0.570736505205211,0.3990139479099373,0.14752365534404283,0.13913136528978792,Moderate,Moderate,Moderate,Moderate,0.578234658045454,57.82346580454541
LESLIE,2024-10-10,-0.2436881967756967,-7.106617352187473e-17,-1.428903053790937e-17,0.0002829869164382,-5.8084948818343554e-08,5.6627593736051046e-08,2,105,972,0.15721911445848344,0.08250374756075353,0.41483198564824436,0.2181849492224938,0.09944471085672017,0.11433339943258788,0.11986143100961849,Moderate,Moderate,Moderate,Moderate,0.4934444848934504,49.34444848934504
MILTON,2024-10-07,-0.2542155445156737,0.0037386110598084,-0.001677389801423,-0.0074598279809227,3.058237471922703e-05,-0.0001688995909938,5,175,901,0.7655828931033598,0.15020900457837277,2.198282884576917,1.0380249274195499,2.013169654507968,0.41236573961225326,0.45789594884086626,Strong,Extreme,Moderate,Moderate,0.6906195434873517,69.06195434873517
OSCAR,2024-10-19,-0.3081745974540126,-0.0013401342926441,0.0041561557987903,-0.0050286145842905,5.621718520639255e-05,-3.724208779291491e-05,1,85,986,-0.060853626760622434,0.20685343652994545,-0.09472541404566202,0.017091465241220336,-0.013829892430987015,0.09280698287559284,0.07299990488466152,Moderate,Weak,Moderate,Moderate,0.4450806327499423,44.50806327499423
KRISTY,2024-10-19,-0.2857918527641985,0.0096788712153164,0.0106085563777278,-0.0233573964238511,0.0009405067506469,-0.0022083582784991,5,160,926,1.732209016154412,2.16084018982227,1.816114834806487,1.9030546802610564,7.0702244156058685,1.978238114697103,1.9465246029883412,Strong,Extreme,Strong,Strong,0.8986629382204098,89.86629382204097
PATTY,2024-10-31,-0.2369148379062196,-9.129711246334622e-18,-1.02709251521266e-17,-0.0025720663988657,4.197440546787021e-19,4.0050578550592464e-19,TS,65,982,0.15721911445849351,0.08263209603956995,-0.6042828137395684,-0.12147720108050164,-0.14493796435861128,0.11440706990380947,0.11992560524903173,Weak,Weak,Moderate,Moderate,0.41175426952312105,41.17542695231211
RAFAEL,2024-11-08,-0.0691606060684684,-0.0029861270382772,0.0078367205094142,-0.012515550510228,8.050426772548188e-06,0.0002830769528264,3,120,956,-0.32869704516818127,0.10042087008675905,0.7970000354186741,0.18957462011241732,-0.18193611962513298,-0.08238856285396394,-0.11413808754071111,Moderate,Weak,Weak,Weak,0.4865635770715655,48.65635770715655
SARA,2024-11-15,-0.2458368398091046,-0.0057086560977718,0.0047284725651975,-0.0018574088980072,-0.0004005967320834,0.0012420062974247,TS,50,997,-0.771719343986681,-0.8025538639612448,-0.9864508635099982,-0.8535746904859747,1.5529431653808865,-0.7894179847281428,-0.7871366039739629,Weak,Strong,Weak,Weak,0.23568165875898,23.568165875898
ALETTA,2024-07-04,0.5040878829522057,0.004041158440768,0.0048486305842338,0.0037296124729208,-0.0001510934834075,0.0004212480266291,TS,40,1005,0.814814777606778,-0.25123440722509177,-1.2412295633569514,-0.22588306432508842,-0.6995326170454093,0.20291546635977825,0.2817901851908431,Weak,Weak,Moderate,Moderate,0.3866442081083676,38.66442081083676
BUD,2024-07-25,0.1884316476854692,0.0014255913887809,0.0034131027928253,0.0085868396050836,-2.6518727710073555e-05,8.412021611802861e-05,TS,60,1000,0.389197822649332,0.02403450008825057,-0.731672163663045,-0.1061466136418208,-0.3023505876729128,0.17959850139190642,0.2066161613687913,Weak,Weak,Moderate,Moderate,0.4154413420700691,41.54413420700691
CARLOTTA,2024-08-03,-0.0225505358255304,0.0035314760946437,0.0003501854955398,-0.0076816367359901,4.091834883997416e-05,0.0001866360916163,1,90,979,0.7318769504200555,0.1730480804915341,0.032663935877814576,0.31252965559646806,0.029558413183925537,0.41111595226017134,0.4524625154557948,Moderate,Moderate,Moderate,Moderate,0.516134794590499,51.613479459049906
DANIEL,2024-08-03,-0.7049208864265957,1.6375943383723032e-16,-2.3619149111139276e-17,-0.0130448613086771,-1.7931233654003956e-18,1.0265220000090364e-18,TS,40,1005,0.15721911445852163,0.08263209603956506,-1.2412295633569514,-0.3337927842862882,-0.2977104132771764,0.11440706990381863,0.11992560524904335,Weak,Weak,Moderate,Moderate,0.3606914540075095,36.069145400750955
FABIO,2024-08-06,-0.2841303728569286,-0.0006540248347229,0.0061303628936368,-0.0099811436369106,9.124412429620864e-05,0.0001057330166777,TS,65,995,0.0507932216832252,0.2842513587318018,-0.6042828137395684,-0.08974607777484712,-0.2024616817813856,0.18479536276413744,0.1675222902075135,Weak,Weak,Moderate,Moderate,0.419385741838977,41.9385741838977
EMILIA,2024-08-07,-0.0176067729281115,0.0033974588080295,0.0008924170280526,-0.0075010979616553,1.563265336179757e-05,-1.2312044336530065e-05,TS,70,988,0.7100690486126593,0.11717507696069607,-0.4768934638160918,0.11678355391908785,-0.39450731646619147,0.36975509494310926,0.4136220627866777,Moderate,Weak,Moderate,Moderate,0.46905701100565383,46.90570110056538
GILMA,2024-08-25,0.086304212405718,0.0028468589392768,0.0019349423428714,0.0073174328466683,3.072397321919132e-05,-3.646042514399876e-05,4,130,949,0.6204729362283651,0.15052189031629107,1.0517787352656274,0.6075911872700944,0.8109159635594801,0.350726731827151,0.38549741327232806,Moderate,Moderate,Moderate,Moderate,0.5870983683899823,58.70983683899823
HONE,2024-08-25,0.0517902300449506,3.049259980332126e-05,-3.783518696844342e-05,-0.0021355781007192,9.073001873382937e-07,-1.128908250203611e-06,1,85,988,0.16218100884662237,0.08463692863808049,-0.09472541404566202,0.05069750781301361,-0.023379931322134805,0.1176716466652027,0.12340896874235144,Moderate,Weak,Moderate,Moderate,0.45316303125382423,45.316303125382426
HECTOR,2024-08-27,0.0277614458492578,0.0001858217163366,0.0007304398563435,-0.0015415778381861,3.756324929415476e-06,3.527597030360827e-06,TS,50,1000,0.18745686845224735,0.0909323287235126,-0.9864508635099982,-0.2360205554447461,-0.27461726394588354,0.1320529525552885,0.13919459858787997,Weak,Weak,Moderate,Moderate,0.38420609767380515,38.42060976738051
ILEANA,2024-09-14,-0.5731006519130339,-0.0158812192986447,-0.0093003631436352,0.0001069070673485,-0.0001737193306638,0.0012174428427064,TS,45,999,-2.427045048742901,-0.3012300280586388,-1.1138402134334748,-1.2807050967450049,3.038862493849857,-1.2068529924069846,-1.36413753840077,Suppressed,Extreme,Suppressed,Suppressed,0.13295494974123778,13.295494974123779
JOHN,2024-09-24,-0.9192028163766288,-0.0148485138818761,0.0414621408946702,-0.0235044040947299,-0.0005679273413723,0.00073751483959,3,115,962,-2.25899853105979,-1.172299032002404,0.6696106854951975,-0.9205622925223321,-2.2976335133400765,-1.6352461897355517,-1.715648781531097,Weak,Suppressed,Suppressed,Suppressed,0.21957085090885467,21.957085090885467
LANE,2024-11-02,-0.2249398034769427,1.0655455689705556e-16,1.1063628387496685e-17,-0.0108802022841657,-1.0315661088270909e-18,1.8912045328496666e-18,TS,45,1004,0.15721911445851233,0.08263209603956674,-1.1138402134334748,-0.29132966764513196,-0.2671559234934577,0.11440706990381565,0.11992560524903953,Weak,Weak,Moderate,Moderate,0.37090401711063153,37.09040171106315
EWINIAR,2024-05-26,0.3471317618997211,0.0035958590906125,0.0024479945567969,0.0005243922155891,9.692238253833012e-05,0.0003732741813593,2,105,957,0.7423536440588058,0.2967984268195624,0.41483198564824436,0.48466135217553746,0.43107351695295865,0.4866103496307925,0.5195760354391841,Moderate,Moderate,Moderate,Moderate,0.557533211673653,55.7533211673653
GAEMI,2024-07-24,-0.2080131463257259,-0.0043219966322532,0.0144635856323612,0.0018492615322993,-2.8288242805590657e-05,-0.0006837620606338,4,145,919,-0.5460758152426674,0.020124458410139375,1.4339467850360572,0.30266514273450973,-0.7541862572153557,-0.2210837206887409,-0.262975678416264,Moderate,Weak,Weak,Weak,0.5137623366068881,51.37623366068881
PRAPIROON,2024-07-22,-0.3294751836392464,-0.0033280989709614,0.0052130573000944,0.0131870523797469,-0.0001893347429497,0.0003908057911063,TS,70,985,-0.38434427186014675,-0.33573491191831345,-0.4768934638160918,-0.3989908825315173,0.34340105617397404,-0.3564430884140412,-0.36003959188923007,Weak,Moderate,Weak,Weak,0.3450110295544535,34.50110295544535
MARIA,2024-08-08,0.047988799904111,0.0030766638299577,0.009135571537162,0.0121174327247619,4.713220752846686e-05,0.0002326680583711,1,80,969,0.6578678321961919,0.18677864798737098,-0.22211476396913862,0.20751057207147475,-0.1876084535833358,0.3874683502072339,0.42232324009178146,Moderate,Weak,Moderate,Moderate,0.4908772510476039,49.08772510476039
SON-TINH,2024-08-11,0.2090923659580212,-0.0093981779274834,-0.0091138145079099,0.0101328558059242,-0.0001376957443181,-0.0001693755100108,TS,45,992,-1.372095100065222,-0.2216298458598185,-1.1138402134334748,-0.9025217197861718,1.7751549339234003,-0.7117419881467356,-0.7968624729625202,Weak,Strong,Weak,Weak,0.22390968663401975,22.390968663401974
AMPIL,2024-08-16,0.0859944132763743,-0.003179173962561,-0.007490383446794,0.0133486409090378,-0.0001759198339904,-0.0002720439324155,4,130,944,-0.36011051782802,-0.3060924108332339,1.0517787352656274,0.12852526886812451,-0.7006980737375905,-0.32910477912921,-0.33310146433062693,Moderate,Weak,Weak,Weak,0.47188094420559434,47.18809442055944
JONGDARI,2024-08-19,-0.2998740880276713,0.0112061459789275,0.0050598224197269,-0.0018617121978601,5.012346803555067e-05,-0.0004006762753674,TS,40,999,1.9807341051127185,0.19338834195517962,-1.2412295633569514,0.3109642945703155,-2.6985850556586337,0.9548193002448471,1.087061223533949,Moderate,Suppressed,Moderate,Strong,0.5157583184972852,51.575831849728516
SHANSHAN,2024-08-27,-0.0362409856511583,-0.0031412876110494,-0.0072765969315446,-0.0026563468190152,3.979452522286293e-05,-8.36346994665671e-05,4,130,932,-0.3539454785671973,0.17056480290159837,1.0517787352656274,0.28946601986667614,-0.1928758951237199,-0.05288293423126803,-0.09169033783279948,Moderate,Weak,Weak,Weak,0.5105878905026905,51.05878905026905
YAGI,2024-09-04,-0.1652827867032833,-0.0037957267721858,0.0060338981442468,-0.0057800597989101,3.3744632850456115e-05,0.0005839801664273,4,145,922,-0.46043879241903185,0.15719654660125587,1.4339467850360572,0.37690151307276043,-0.4348332434775136,-0.10592359375310353,-0.151621122908888,Moderate,Weak,Weak,Weak,0.5316165045671201,53.161650456712
LEEPI,2024-09-05,0.1879794529588991,-0.006779745026141,-0.0117719710814888,0.0041519132034416,-9.91405460012897e-06,6.070197100153853e-06,TS,40,1002,-0.9460118010792249,0.06072532237949677,-1.2412295633569514,-0.7088386806855599,1.0988437494022767,-0.36815689417984726,-0.44264323934986405,Weak,Strong,Weak,Weak,0.2704912947513649,27.04912947513649
BEBINCA,2024-09-15,-0.0727975874492727,-0.0027631714894294,0.008756808994328,0.0046012337423815,0.0004199253234324,0.00135916765935,1,85,962,-0.29241670522454494,1.010527834524462,-0.09472541404566202,0.20779523841808498,-0.06802337405373257,0.455457668499775,0.35905556464995847,Moderate,Weak,Moderate,Moderate,0.4909457145344614,49.09457145344614
PULASAN,2024-09-17,-0.1840241855307312,-0.0080246295591805,-0.0086844521462674,-0.0010941865836791,-4.11538203431229e-05,-6.509766951615797e-05,1,75,995,-1.148585068632569,-0.008304202363744413,-0.3495041138926152,-0.5021311282963096,0.4043375595314401,-0.4940776719517409,-0.5784446354981567,Weak,Moderate,Weak,Weak,0.32020535461434446,32.02053546143445
UNNAMED,2024-09-20,-0.2867970077863155,-0.0031418316046615,0.0043882543822682,-0.0066206480160189,-0.0003797409525313,0.0014191831381615,TS,40,1002,-0.35403399967948246,-0.7564695058877806,-1.2412295633569514,-0.7839110229747382,1.378389781321618,-0.5850271025999938,-0.5552517527836316,Weak,Strong,Weak,Weak,0.2524360719233653,25.24360719233653
CIMARON,2024-09-24,-0.5017788453910157,-0.0076914276662673,-0.0576898273543929,0.0015316714761421,-8.458026728953394e-06,-0.0003927767081385,TS,40,1001,-1.0943649426602553,0.06394266122854701,-1.2412295633569514,-0.7572172815962199,1.2789905984547532,-0.42951041707520654,-0.5152111407158542,Weak,Strong,Weak,Weak,0.2588560321111749,25.88560321111749
JEBI,2024-10-01,-0.0751561249158605,-0.0012156618124923,-0.0024853045618908,0.001250008364316,-7.727154526847836e-05,-0.0002262878319389,1,80,976,-0.040598899229182535,-0.08811239961194385,-0.22211476396913862,-0.116942020936755,0.028588679762258054,-0.06787107257053825,-0.0643556494205632,Weak,Moderate,Weak,Weak,0.4128449999514464,41.28449999514464
KRATHON,2024-09-30,-0.3487007068157801,-0.0063836553597204,-0.0037251149401914,-0.0045985922525798,-0.0008001717895649,0.0011275813829012,4,145,927,-0.8815582908608687,-1.6854822618282193,1.4339467850360572,-0.3776979225510102,-3.6809995475857007,-1.3430009063884603,-1.283520276344544,Weak,Suppressed,Suppressed,Suppressed,0.3501320784706421,35.01320784706421
BARIJAT,2024-10-10,-0.3536297987325767,-0.0010560556700106,-0.005719699403418,-0.0026894408477107,8.989025506585062e-06,-4.490020839591902e-05,TS,45,988,-0.014627062527861173,0.10249486209643677,-1.1138402134334748,-0.34199080462163306,-0.09787068862539203,0.0525995026524628,0.0439338997842878,Weak,Weak,Moderate,Moderate,0.35871979468012416,35.87197946801241
TRAMI,2024-10-25,-0.3613788524320078,-0.0014255979309087,0.0003283872705426,0.0028830063519471,0.0003184604314453,0.0013337441089605,TS,70,978,-0.07476065829710286,0.7863240639323409,-0.4768934638160918,0.07822331393971539,-0.33933993723816347,0.4194915356489105,0.355781702817619,Moderate,Weak,Moderate,Moderate,0.45978310661025223,45.978310661025226
KONG-REY,2024-10-29,-0.2333648696862482,0.000201343311795,-0.0092310338292326,-0.0063354821134975,-6.455693693913338e-07,0.0002329859363723,4,145,927,0.18998261299015418,0.08120560177183042,1.4339467850360572,0.568378333266014,0.3888694686976157,0.1275459269619228,0.1355941073809923,Moderate,Moderate,Moderate,Moderate,0.5776675075006511,57.76675075006511
YINXING,2024-11-07,-0.1131531078322858,-0.0010876381072349,-0.0005735846521266,-0.0136449937219784,0.0001649894551551,0.0004222107342974,4,145,937,-0.019766300212985356,0.4472040896550165,1.4339467850360572,0.6204615248260295,0.6129230439733198,0.24826904374540634,0.21371889472101557,Moderate,Moderate,Moderate,Moderate,0.590193740205462,59.0193740205462
TORAJI,2024-11-10,-0.0596582940519816,-0.0020511083932543,-0.0025502592459202,-0.008482352217331,-8.336812002246864e-05,-0.0002606273453281,1,90,970,-0.1765465628394084,-0.10158380849803555,0.032663935877814576,-0.08182214515320979,-0.009084832615039026,-0.13351885041927428,-0.13906518566872197,Weak,Weak,Weak,Weak,0.42129148188644505,42.12914818864451
MAN-YI,2024-11-16,-0.2052638773212578,-0.000777974025819,0.0017747858207188,-0.0046479576142021,-0.0001085579628405,-0.00030201336424,5,160,921,0.030623646124578473,-0.1572450094299157,1.816114834806487,0.5631644905003833,-0.22995893630224473,-0.07721068513737454,-0.06331068165266862,Moderate,Weak,Weak,Weak,0.5764135557781779,57.64135557781779
USAGI,2024-11-13,0.0087769892018485,0.0002803052041362,0.0014905941168605,-0.0027000671302422,3.556426229381916e-05,-0.000299797985845,4,145,915,0.20283165088822946,0.16121732437268743,1.4339467850360572,0.5993319200989914,0.5220268576710629,0.17894553184684217,0.18202448763045845,Moderate,Moderate,Moderate,Moderate,0.5851119789338517,58.51119789338517
REMAL,2024-05-26,-0.7296186689260615,-0.0166637979033932,0.0233699044524905,0.0216640225477511,-0.000181118288592,0.0068608105731613,TS,60,978,-2.5543897950818857,-0.3175792719544074,-0.731672163663045,-1.201213743566446,2.101339821251781,-1.270487665643451,-1.4359845335181465,Suppressed,Extreme,Suppressed,Suppressed,0.1520729637897348,15.207296378973481
ASNA,2024-08-31,-0.5152205209096188,0.0017985920845565,0.002742676147192,-0.0138476718797962,-0.0006880930722224,-0.0007077349931747,TS,50,988,0.4498941906558068,-1.4378254562159705,-0.9864508635099982,-0.6581273763567207,0.9745456500003488,-0.6336340069014607,-0.4939656327800818,Weak,Moderate,Weak,Weak,0.2826875826469628,28.26875826469628
DANA,2024-10-24,-0.6352300544361746,-0.0003925738816087,-0.0134920418807176,0.0256068010478736,-0.0013183602970056,0.0027571833668976,1,75,985,0.09333770871927638,-2.8305070577988207,-0.3495041138926152,-1.0288911543240533,0.9566519479240726,-1.5849137493574288,-1.3685846745397723,Suppressed,Moderate,Suppressed,Suppressed,0.1935172913835701,19.35172913835701
FENGAL,2024-11-30,-0.3978044844365982,-0.0002711227350575,-0.0063034584856415,-0.0114153703407035,2.8428503010209487e-05,-0.0010386861236768,TS,60,987,0.11310079111930167,0.1454496622179155,-0.731672163663045,-0.15770723677527596,-0.18917416960930283,0.13166865105156325,0.12927522666860858,Weak,Weak,Moderate,Moderate,0.4030407893306984,40.304078933069846
BELAL,2024-01-14,-0.0616469455156547,-0.0020128187031508,-0.0011036113306163,-0.0155409211866335,-7.295262113038046e-05,7.519876483769769e-05,2,100,968,-0.17031589049027673,-0.07856900920665978,0.2874426357247678,0.012852578675943768,-0.07154013156098189,-0.11765429263411453,-0.12444244984846825,Moderate,Weak,Weak,Weak,0.4440611622079966,44.40611622079966
ANGGREK,2024-01-28,0.2327312479620715,1.5643789134820257e-18,2.2454231818514533e-18,-0.0202456327094192,-2.6818618669766643e-18,6.03295293984916e-19,4,130,944,0.15721911445849523,0.08263209603956309,1.0517787352656274,0.4305433152545619,0.2522704028295776,0.11440706990380627,0.11992560524902916,Moderate,Moderate,Moderate,Moderate,0.5445175898637156,54.45175898637156
CANDICE,2024-01-26,0.1262027989902314,6.722133879542917e-05,-0.000479762087856,-0.0091798326078017,-7.382865325094247e-06,1.401320945091774e-06,TS,60,982,0.16815767613847082,0.06631841146115935,-0.731672163663045,-0.1657320253544716,-0.1715596263412671,0.10970317253714236,0.11723804379981509,Weak,Weak,Moderate,Moderate,0.401110792989478,40.1110792989478
DJOUNGOU,2024-02-18,-0.0291772077954952,4.681989446330308e-17,4.562955816338981e-18,-0.001164201630559,-3.8696790933355353e-20,-6.771938413337418e-20,4,135,942,0.15721911445850262,0.08263209603956893,1.179168085189104,0.4730064318957252,0.28282489261329974,0.11440706990381276,0.11992560524903578,Moderate,Moderate,Moderate,Moderate,0.5547301529668393,55.473015296683926
ELEANOR,2024-02-22,-0.0787704054583002,0.0010705800312221,0.0057669191043726,-0.015537528331547,4.783107056210181e-05,0.0002116639642414,TS,60,992,0.331428761495005,0.18832290358356601,-0.731672163663045,-0.07064016619482467,-0.3802878253555083,0.24928773354118605,0.2598758325392855,Weak,Weak,Moderate,Moderate,0.423980796161121,42.3980796161121
FILIPO,2024-03-14,0.113037764443419,0.0021914561510622,0.0032945319389711,-7.410484566258702e-05,-4.2151777395818e-05,-0.000993574103504,TS,70,990,0.5138228165999681,-0.010509356577397808,-0.4768934638160918,0.008806665402159483,-0.2400268993354256,0.2128625042645918,0.25165673001128513,Moderate,Weak,Moderate,Moderate,0.4430881025768005,44.30881025768005
NEVILLE,2024-03-21,-0.3967784697551266,0.0029408845867132,0.0076205825355494,-0.0214195374929864,1.3618819461990985e-05,0.0021736113787513,4,130,948,0.6357732168001744,0.11272517172903944,1.0517787352656274,0.6000923745982804,0.7872546884356166,0.33554997843374407,0.3742491942646069,Moderate,Moderate,Moderate,Moderate,0.5852948715280687,58.52948715280687
GAMANE,2024-03-27,-0.1668810959150022,-0.0026317210930627,-0.0080021061016244,-0.0086295123561319,-3.401781753601581e-05,-0.0004202166191479,2,100,970,-0.27102649946130913,0.007463997897216594,0.2874426357247678,0.007960044720225082,-0.075759100127796,-0.11117632936864878,-0.13178125078204628,Moderate,Weak,Weak,Weak,0.4428844866431955,44.28844866431955
HIDAYA,2024-05-03,-0.5473783800195058,-0.0058139698271211,0.0048943228956687,-0.025067192821825,-0.0007670185299912,0.0013235363277083,1,90,974,-0.7888564725366101,-1.6122245501382693,0.032663935877814576,-0.7894723622656882,-0.07842875656208971,-1.2614597696036967,-1.2005405113374397,Weak,Weak,Suppressed,Suppressed,0.25109854578446544,25.109854578446544
IALY,2024-05-21,-0.4933694592643469,0.0001936328628709,0.004841033105175,-0.0304768587205943,-4.536735010714265e-06,0.0001714806019665,TS,70,989,0.1887279337075347,0.07260741582102857,-0.4768934638160918,-0.0718527047625095,-0.12462912005426562,0.12207616385734324,0.13066767476428165,Weak,Weak,Moderate,Moderate,0.42368917539427764,42.36891753942776
KIRRILY,2024-01-25,-0.2439553057815615,0.0280237430332142,0.0311877599374526,-0.01592342343946,0.0011993258765945,0.001424689998729,TS,70,982,4.717369911298169,2.7327446466484457,-0.4768934638160918,2.324407031376841,-3.5529109373658527,3.5782190636624795,3.725057278973307,Extreme,Suppressed,Extreme,Extreme,1.0,100.0
LINCOLN,2024-02-16,0.1283149114916746,0.0072288748213371,0.0030763384997931,0.008158922316307,0.0007472447953061,0.0022496784175675,TS,45,990,1.3335344709654489,1.7337953445478838,-1.1138402134334748,0.6511632006932858,-3.416515296382231,1.5632793611159361,1.5336649077566662,Moderate,Suppressed,Strong,Strong,0.5975776259624972,59.75776259624972
MEGAN,2024-03-17,-0.2496944722882794,-0.0105869776867213,0.0011326108023562,0.0601446571721845,0.0003578475422726,-0.0009132366996465,2,105,957,-1.5655419983951966,0.8733565200584769,0.41483198564824436,-0.09245116422949179,-0.2871406764153013,-0.16564380900865697,-0.34609273916835986,Weak,Weak,Weak,Weak,0.4187351568536374,41.873515685363735
OLGA,2024-04-07,-0.3297800186299895,-0.0129579420702383,-0.0176438983152627,-0.0073150811491052,0.0001059401548868,0.0017715496804413,4,135,939,-1.9513560957468254,0.31672471386597617,1.179168085189104,-0.15182109889724846,-1.9275051565624601,-0.6495052008713781,-0.8173156909404247,Weak,Suppressed,Weak,Weak,0.4044564309337637,40.44564309337637
PAUL,2024-04-11,-0.436568468809078,7.736722415837749e-16,-4.190724641912096e-17,-0.0078519966918714,8.394881093573963e-19,1.0493601366967453e-18,TS,60,993,0.15721911445862088,0.08263209603957088,-0.731672163663045,-0.16394031772161774,-0.1754924541424124,0.11440706990386426,0.11992560524909587,Weak,Weak,Moderate,Moderate,0.4015417064200087,40.15417064200087
NAT,2024-02-06,-0.0685518308257933,-2.6926122276841785e-17,-6.731530569210607e-18,0.0010013406516328,1.618834945040267e-07,-1.498419748634415e-06,TS,50,993,0.15721911445849063,0.08298980488992728,-0.9864508635099982,-0.24874731472052677,-0.23695429591405037,0.11461239044837122,0.12010445967420896,Weak,Weak,Moderate,Moderate,0.3811452570553334,38.11452570553334
OSAI,2024-02-07,-0.1729831625739279,2.591612414975876e-17,-1.9977012365438894e-17,-0.0106169428939936,1.4876577712123533e-06,-2.90149078928146e-06,TS,60,993,0.1572191144584992,0.0859193264808027,-0.731672163663045,-0.16284457424124768,-0.1778976291517185,0.11629390033482781,0.12156922046965095,Weak,Weak,Moderate,Moderate,0.4018052374634947,40.18052374634947
ANCHA,2024-10-02,0.1474639767001164,1.8566989594115652e-17,-7.994120519688555e-18,-0.0008477692507804,1.1552789017951571e-19,1.2836432242168757e-19,TS,60,954,0.157219114458498,0.08263209603956928,-0.731672163663045,-0.16394031772165923,-0.17549245414232134,0.114407069903811,0.11992560524903365,Weak,Weak,Moderate,Moderate,0.4015417064199987,40.15417064199987
BHEKI,2024-11-17,0.4022596512701888,-9.277151510863452e-06,-0.0001075150367966,0.0102073950737155,-2.445693775356108e-06,-5.094348733828079e-06,4,130,947,0.15570949421238706,0.0772279236661511,1.0517787352656274,0.42823871771472183,0.2449986227723298,0.11066202393980441,0.11646870893926908,Moderate,Moderate,Moderate,Moderate,0.5439633241935385,54.396332419353854
ROBYN,2024-11-28,-0.0384165529227296,-5.393102114829738e-17,3.983541334817409e-17,-0.0191724135124135,-6.74779426172935e-19,1.9279412176369568e-19,TS,60,988,0.15721911445848621,0.08263209603956753,-0.731672163663045,-0.16394031772166376,-0.17549245414231143,0.11440706990380498,0.11992560524902687,Weak,Weak,Moderate,Moderate,0.4015417064199976,40.15417064199976
CHIDO,2024-12-12,0.0070501626689036,0.0006163809666035,0.0015960107597954,0.003166614703731,0.0001195788720017,0.0002271796365205,4,155,929,0.257519425972284,0.3468617567713058,1.6887254848830104,0.7643688892088667,1.0206339058828362,0.30880084099418564,0.30219059137179494,Moderate,Strong,Moderate,Moderate,0.6248040833930196,62.48040833930196
