Cyclone,Peak_Date,SST_Large,SST_Anom,SST_Submeso,MSLA_Large,MSLA_Anom,MSLA_Submeso,Category,Max_Wind_mph,Min_Pressure_mb,Z_SST,Z_MSLA,Z_V,COCI_A,COCI_B,COCI_C,COCI_D,COCI_A_Class,COCI_B_Class,COCI_C_Class,COCI_D_Class
ALBERTO,2024-06-20,,0.0266369437717471,-0.0015719351863006,,0.0001370137643823,0.002435758150844,TS,50,993,0.5884087993658151,-0.030913357333818364,-0.9853243639639709,-0.1426096406439914,-0.54931384183299,0.0540602080127864,0.2787477210159984,Weak,Weak,Moderate,Moderate
BERYL,2024-07-02,,-0.0939136681869048,-0.0771627672567671,,8.302472562754505e-05,-0.0006122529782932,5,165,934,-0.5956271639139402,-0.06737550897620621,1.959304532948093,0.43210062001931543,-1.2990241423503657,-0.1398538242354384,-0.33150133644507324,Moderate,Suppressed,Weak,Weak
CHRIS,2024-07-01,,-0.0056191742808797,0.0059654877820131,,-0.0021191998536599,0.002162284846677,TS,40,1005,0.27159245816625965,-1.5546745684265022,-1.2413790506519764,-0.8414870536374064,1.5927912519433944,-1.3041031673458319,-0.6415410551301213,Weak,Strong,Suppressed,Weak
DEBBY,2024-08-05,,-0.2508037592532198,-0.1276509743838282,,0.0001306272744398,-0.0008372585583796,1,80,979,-2.1365858292126987,-0.03522655071745701,-0.21716030389995422,-0.7963242279433701,0.4716314364393155,-0.3235417482867729,-1.085906189965078,Weak,Moderate,Weak,Suppressed
ERNESTO,2024-08-16,,-0.1272005554106038,-0.0560534382403247,,5.887111272386464e-06,-0.0003804744692337,2,100,967,-0.9225676160454929,-0.11947133169914947,0.29494906947605687,-0.24902995942286185,-0.3073484179950917,-0.22965946861512987,-0.5210194738723212,Weak,Weak,Weak,Weak
FRANCINE,2024-09-11,,-0.0396304907190039,-0.0319586843317603,,-0.0007345624672554,0.0031687229336165,1,90,976,-0.06246326471169254,-0.6195429284257072,0.03889438278805132,-0.2143706034497828,-0.02652620993970768,-0.5431092909467472,-0.34100309656869987,Weak,Weak,Weak,Weak
GORDON,2024-09-14,,4.986898673319975e-15,-3.259264982818587e-15,,6.132673791162751e-19,-9.108414369374677e-18,TS,45,1004,0.32678342173255137,-0.12344726364571404,-1.1133517073079737,-0.30333851640704546,-0.2263846587634244,-0.061673748599987394,0.10166807904341867,Weak,Weak,Weak,Moderate
HELENE,2024-09-27,,-0.0523676049430708,-0.0279985962099305,,0.0018549196506373,0.0024121205586036,4,140,941,-0.18756591715505036,1.129295203083712,1.319167816228079,0.7536323673855803,1.2422989655965408,0.9486164024909512,0.47086464296433084,Moderate,Strong,Moderate,Moderate
ISAAC,2024-09-28,,-0.1701819314783736,-0.0425929995053728,,-2.27720113808601e-05,0.0002336641489513,2,105,968,-1.3447263607306439,-0.1388266175168366,0.42297641282005966,-0.35352552180914026,-0.6275079169676353,-0.3042810575412217,-0.7417764891237403,Weak,Weak,Weak,Weak
JOYCE,2024-09-27,,1.7369544890777326e-14,-1.032862258412331e-14,,4.238184711421919e-17,-4.6400987823485326e-17,TS,50,1001,0.32678342173267294,-0.12344726364568584,-0.9853243639639709,-0.2606627352923279,-0.200352070637938,-0.06167374859994638,0.10166807904349355,Weak,Weak,Weak,Moderate
KIRK,2024-10-04,,-0.0491103691568271,-0.0263766186519032,,0.0006222151321582,0.0002412754113812,4,145,934,-0.1555736754805148,0.2967732667845029,1.4471951595720818,0.5294649169586899,0.20434336506868778,0.23470939252764297,0.07059979565199405,Moderate,Moderate,Moderate,Moderate
LESLIE,2024-10-10,,5.959371615810467e-15,-2.6856652425939346e-15,,-2.9449044232967123e-08,-4.4978280870795794e-07,2,105,972,0.3267834217325609,-0.12346715241464445,0.42297641282005966,0.2087642273793254,0.08599798626404946,-0.06169090854743305,0.10165813465895823,Moderate,Moderate,Weak,Moderate
MILTON,2024-10-07,,0.0058951196225109,-0.0101477136031625,,0.0011198176134846,0.0016073945945296,5,175,901,0.38468469263839533,0.6328351332342683,2.2153592196360985,1.0776263485029207,2.254171927409523,0.5987878648592263,0.5087599129363318,Strong,Extreme,Moderate,Moderate
OSCAR,2024-10-19,,0.0153069281777795,0.0088624532349893,,-0.0003727465730511,-0.0008235497526996,1,85,986,0.4771265278798821,-0.3751861792524051,-0.08913296055595146,0.0042691293571751705,-0.009086245073272846,-0.25824534525868104,0.05097017431373849,Moderate,Weak,Weak,Moderate
KRISTY,2024-10-19,,-0.0085100316264797,-0.0209754889440131,,0.0024012758241311,-0.001950259557513,5,160,926,0.24319874861731203,1.498283466408389,1.8312771896040902,1.1909198015432638,3.1891366564777717,1.3260806441307595,0.8707411075128505,Strong,Extreme,Strong,Moderate
PATTY,2024-10-31,,-1.8758703576452846e-16,-2.0323108351753247e-15,,2.7453884576328598e-17,-5.0810892285637e-17,TS,65,982,0.3267834217325005,-0.12344726364569591,-0.6012423339319626,-0.132635391948386,-0.1222543062608689,-0.061673748599978734,0.1016680790434023,Weak,Weak,Weak,Moderate
RAFAEL,2024-11-08,,0.0354434390942892,-0.002543796274931,,-0.001379845850903,0.0004993314111507,3,120,956,0.6749053090303306,-1.055342882074627,0.807058442852068,0.14220695660259056,-0.3070353553035496,-0.8179456629662396,-0.19021878652214813,Moderate,Weak,Weak,Weak
SARA,2024-11-15,,-0.0186900264954471,-0.0135826073439774,,0.0012879285633027,0.0031186350276853,TS,50,997,0.14321186480957948,0.7463709006121152,-0.9853243639639709,-0.031913866180758754,-0.8765275725324416,0.663614982405851,0.44479138271084734,Weak,Weak,Moderate,Moderate
ALETTA,2024-07-04,,0.0018136379063844,0.0016186777972497,,-0.0008507605300827,-0.000149108309964,TS,40,1005,0.34459679049634634,-0.6980186984168442,-1.2413790506519764,-0.5316003195241581,0.4387305525339578,-0.5549675344625808,-0.1767109539602489,Weak,Moderate,Weak,Weak
BUD,2024-07-25,,-0.00945291821867,-0.0023727099445414,,-0.000142294902691,-0.0001378985982346,TS,60,1000,0.23393781151953494,-0.21954785071906943,-0.7292696772759654,-0.23829323882516662,-0.010494162068969273,-0.15732773936485994,0.007194980400232753,Weak,Weak,Weak,Moderate
CARLOTTA,2024-08-03,,0.0119688349041959,0.0082004373105191,,4.685507453401865e-05,0.000346955303492,1,90,979,0.4443401121123629,-0.09180312119977571,0.03889438278805132,0.1304771245668795,0.013711708671501933,-0.018242048697917432,0.17626849545629358,Moderate,Moderate,Weak,Moderate
DANIEL,2024-08-03,,8.724126376684399e-15,-1.0018127704237168e-14,,8.7254370000768e-18,-2.1352973654034102e-17,TS,40,1005,0.326783421732588,-0.12344726364570857,-1.2413790506519764,-0.34601429752169893,-0.2524172468891106,-0.06167374859997764,0.10166807904343972,Weak,Weak,Weak,Moderate
FABIO,2024-08-06,,0.019123856125232,0.0065777400487636,,2.813420473850402e-05,0.0002778979312689,TS,65,995,0.5146160095639855,-0.1044464875034837,-0.6012423339319626,-0.06369093729048696,-0.24661128075141367,-0.019508548534012234,0.20508476103025086,Weak,Weak,Weak,Moderate
EMILIA,2024-08-07,,-0.0141248883173796,-0.0031141523909039,,-0.0001209725267511,5.72151056820494e-05,TS,70,988,0.1880501919847855,-0.2051475257118352,-0.4732149905879598,-0.1634374414383365,0.008090714618725027,-0.1511991700823854,-0.008548666863524845,Weak,Moderate,Weak,Weak
GILMA,2024-08-25,,-0.0285285419429444,0.000755856859105,,-1.537330191811193e-05,6.956670010631077e-05,4,130,949,0.04657895747008121,-0.13382980941261868,1.0631131295400735,0.32528742586584536,-0.09275752626366862,-0.109076979280558,-0.04362542597126874,Moderate,Weak,Weak,Weak
HONE,2024-08-25,,-4.1190319033559645e-05,-1.978348303268806e-05,,-1.4194386995872936e-05,2.1250331315634485e-05,1,85,988,0.3263788545695299,-0.13303361493204247,-0.08913296055595146,0.034737426360512,-0.017233433618289152,-0.07000032107046013,0.09667261981874373,Moderate,Weak,Weak,Moderate
HECTOR,2024-08-27,,-0.0044272125690174,-0.0005930461001806,,-3.406005600979891e-05,-7.944259225628178e-05,TS,50,1000,0.2832997859912029,-0.1464501352622819,-0.9853243639639709,-0.2828249044116833,-0.13484129506316567,-0.08748666589291151,0.06842482536446051,Weak,Weak,Weak,Moderate
ILEANA,2024-09-14,,0.0453479262639036,0.0070296455864381,,-2.285555208228551e-05,0.0024086589012159,TS,45,999,0.7721861839767701,-0.13888303774201455,-1.1133517073079737,-0.16001618702440604,-0.7050891391039765,-0.013880566557138072,0.3166515731173778,Weak,Weak,Weak,Moderate
JOHN,2024-09-24,,0.0120536094668016,0.0078675449867654,,0.0005842369872,0.0018440286973626,3,115,962,0.44517275932389994,0.2711242663114112,0.6790310995080652,0.4651093750477921,0.4863879568915021,0.2950044405220161,0.3581485128176556,Moderate,Moderate,Moderate,Moderate
LANE,2024-11-02,,-1.5639459157470989e-15,-2.113851212152818e-15,,-5.157830544135454e-19,-3.546008499093123e-19,TS,45,1004,0.32678342173248703,-0.12344726364571482,-1.1133517073079737,-0.30333851640706716,-0.2263846587633519,-0.061673748599996886,0.10166807904338611,Weak,Weak,Weak,Moderate
EWINIAR,2024-05-26,,-0.1764959886322668,-0.0297483167795925,,-0.0003690575695616,-0.0002645552451848,2,105,957,-1.4067423938552006,-0.37269476603694757,0.42297641282005966,-0.4521535823573628,-0.7526599467298958,-0.5145703839579299,-0.8897185799460741,Weak,Weak,Weak,Weak
GAEMI,2024-07-24,,-0.0158095340474845,-0.0086209550024004,,-0.0017651202379965,-0.0028825266980054,4,145,919,0.17150377137835968,-1.315542608725511,1.4471951595720818,0.1010521074083101,-1.6556474677712698,-1.111513685512819,-0.5720194186735758,Moderate,Suppressed,Suppressed,Weak
PRAPIROON,2024-07-22,,-0.0030746700129125,-0.0029197487788714,,-0.0027302801937819,-0.0022929930742701,TS,70,985,0.2965843226872407,-1.9673750821071228,-0.4732149905879598,-0.7146685833359473,0.7906432334933297,-1.6567504736633858,-0.835395379709941,Weak,Moderate,Suppressed,Weak
MARIA,2024-08-08,,-0.012611871722789,-0.0089027396634011,,0.0002728478253462,0.0005830162620493,1,80,969,0.202910888516536,0.06082382197706301,-0.21716030389995422,0.015524802197881585,-0.0572727098797564,0.08031875608024398,0.1318673552467995,Moderate,Weak,Moderate,Moderate
SON-TINH,2024-08-11,,-0.3614939569369089,-0.0552213636438303,,-0.0019118090856754,-0.0010462201859403,TS,45,992,-3.223773797076243,-1.4146106997987962,-1.1133517073079737,-1.9172454013943376,5.164153298746662,-1.662835370926991,-2.3191922484375196,Suppressed,Extreme,Suppressed,Suppressed
AMPIL,2024-08-16,,-0.3870819791759718,-0.0588815959212693,,-0.0015396067584394,-0.0007806052656629,4,130,944,-3.4750967731109426,-1.1632393471993125,1.0631131295400735,-1.1917409969233939,-4.931076028721798,-1.480435762550573,-2.3191680601551274,Suppressed,Suppressed,Suppressed,Suppressed
JONGDARI,2024-08-19,,-0.1452919067286208,-0.0473942196744276,,0.0005186083706487,0.000359074889762,TS,40,999,-1.100259045701677,0.22680118473843408,-1.2413790506519764,-0.7049456372050731,1.0842922902270564,0.04472302397779245,-0.4367289304816214,Weak,Strong,Moderate,Weak
SHANSHAN,2024-08-27,,-0.0007471376760732,-0.0070692220626357,,-0.000442364325519,0.0004429336579831,4,130,932,0.3194451107640325,-0.4222033721129323,1.0631131295400735,0.32011828939705794,-0.10924365680872566,-0.32044612809668027,-0.05137913067444991,Moderate,Weak,Weak,Weak
YAGI,2024-09-04,,-0.010292293785763,-0.0087496819994386,,-0.0039081090896721,-0.0022849170162251,4,145,922,0.2256935492798929,-2.7628361016266147,1.4471951595720818,-0.3633157975915467,-3.671740420900533,-2.3527974539947456,-1.268571276173361,Weak,Suppressed,Suppressed,Suppressed
LEEPI,2024-09-05,,-0.2981575880791481,-0.0481126496155262,,-0.0012177638499563,-0.000435766548179,TS,40,1002,-2.6016903642948095,-0.9458788383848374,-1.2413790506519764,-1.5963160844438746,4.403878088944649,-1.1730630386859593,-1.7737846013398235,Suppressed,Extreme,Suppressed,Suppressed
BEBINCA,2024-09-15,,-0.0351685546073947,-0.0108335837808423,,0.0013306077200926,0.0005590935374836,1,85,962,-0.01863857783400176,0.7751947863995895,-0.08913296055595146,0.22247441600321208,-0.06743409469643671,0.66627756049331,0.37827810428279385,Moderate,Weak,Moderate,Moderate
PULASAN,2024-09-17,,-0.1803169424097019,-0.0298406156757191,,-3.0235718012704358e-05,-0.0001008602034628,1,75,995,-1.4442714168357274,-0.14386732224693577,-0.345187647243957,-0.6444421287755401,0.548205874840929,-0.32228815074980605,-0.7940693695413316,Weak,Moderate,Weak,Weak
UNNAMED,2024-09-20,,-0.0267858931760879,-0.0085250259660766,,-0.0001017850901767,-0.0007094290040727,TS,40,1002,0.06369507805875922,-0.19218905787945775,-1.2413790506519764,-0.45662434349089165,0.15950973468431298,-0.15708069446779482,-0.06424698991034927,Weak,Moderate,Weak,Weak
CIMARON,2024-09-24,,-0.0388379840312614,-0.0285666245865205,,-0.0003167227159425,-0.0009805367395633,TS,40,1001,-0.0546793438822513,-0.33734978837379687,-1.2413790506519764,-0.5444693943026748,0.4866567520279312,-0.29856623247042646,-0.1960145661280241,Weak,Moderate,Weak,Weak
JEBI,2024-10-01,,-0.1328569694189829,-0.0369875743200402,,0.0001389649213189,-0.0005537397833439,1,80,976,-0.978124344462744,-0.029595619849667663,-0.21716030389995422,-0.4082934227374553,0.21883677369613436,-0.15973769000190868,-0.5038599821562059,Weak,Moderate,Weak,Weak
KRATHON,2024-09-30,,-0.0161708421478042,-0.0094205916846376,,0.0007870391791778,4.400075376635267e-05,4,145,927,0.16795503962451716,0.4080891845218125,1.4471951595720818,0.6744131279061372,0.8336484128840235,0.37514178512289564,0.2880221120731648,Moderate,Moderate,Moderate,Moderate
BARIJAT,2024-10-10,,-0.0927451253143084,-0.026312852797614,,-5.050648693897896e-06,-0.0003649763229162,TS,45,988,-0.5841498535684486,-0.12685828045240125,-1.1133517073079737,-0.6081199471096078,0.7916021199219697,-0.18960057854440027,-0.3555040670104249,Weak,Moderate,Weak,Weak
TRAMI,2024-10-25,,-0.0278256526632944,-0.0175690897999689,,0.0012423974962386,0.0011208474475941,TS,70,978,0.05348266514760719,0.715620942657275,-0.4732149905879598,0.0986295390723075,-0.3639513565285533,0.6247728281762944,0.38455180390244115,Moderate,Weak,Moderate,Moderate
KONG-REY,2024-10-29,,-0.1336318000906421,-0.0432025148635642,,0.0020603449282329,0.0013326465749608,4,145,927,-0.9857346532433529,1.2680316539565422,1.4471951595720818,0.576497386761757,0.40853885299384407,0.9588055807261158,0.14114850035659465,Moderate,Moderate,Moderate,Moderate
YINXING,2024-11-07,,-0.0121708364164851,-0.01443703643884,,0.0024637121963291,0.0017269379172971,4,145,937,0.20724269285378008,1.5404506270690062,1.4471951595720818,1.0649628264982893,2.529253313008718,1.3575289758844948,0.8738466599613931,Strong,Extreme,Strong,Moderate
TORAJI,2024-11-10,,-0.0547990694111567,-0.029807237470192,,0.0012638493748802,0.000947298794796,1,90,970,-0.2114475161521425,0.7301087288836086,0.03889438278805132,0.18585186517317245,0.020173007745292557,0.6009233118118079,0.259330606365733,Moderate,Moderate,Moderate,Moderate
MAN-YI,2024-11-16,,-0.0772929076266204,-0.0236801972518887,,0.0010478728241965,0.000269945808538,5,160,921,-0.43237972849496054,0.5842463478547303,1.8312771896040902,0.6610479363212867,0.27810987589583325,0.44476103896134994,0.07593330967988488,Moderate,Moderate,Moderate,Moderate
USAGI,2024-11-13,,-0.0133598589772568,-0.0027786900313935,,0.0001746683475173,0.0002135755897243,4,145,915,0.19556423307468282,-0.00548287825942757,1.4471951595720818,0.5457588381291124,0.27508481661354084,0.02210161822255541,0.09504067740762763,Moderate,Moderate,Moderate,Moderate
REMAL,2024-05-26,,0.0132167512646796,-0.0065141871935301,,0.0019927315994672,0.0025106093499969,TS,60,978,0.45659702085775095,1.2223681729358797,-0.7292696772759654,0.31656517217255514,-1.2244184050354598,1.1173011987807562,0.8394825968968154,Moderate,Suppressed,Strong,Moderate
ASNA,2024-08-31,,0.1260724410723199,0.0154304117317551,,-0.0020611417774347,-0.0004155737877917,TS,50,988,1.5650542341552103,-1.515464343013809,-0.9853243639639709,-0.3119114909408566,-0.048862127947943715,-1.0928044336486504,0.02479494557070061,Weak,Weak,Suppressed,Moderate
DANA,2024-10-24,,0.004960611741681,0.000361626934135,,-0.0003284540485879,0.0040614252775235,1,75,985,0.37550605039931256,-0.3452726860535818,-0.345187647243957,-0.10498476096607541,-0.010436183906772138,-0.24637885769644838,0.015116682172865381,Weak,Weak,Weak,Moderate
FENGAL,2024-11-30,,-0.0196752240526406,-0.0059819494525366,,-0.0013485694788375,0.0023824437528645,TS,60,987,0.13353535367703895,-1.0342200051466583,-0.7292696772759654,-0.5433181095818616,0.6568420051046647,-0.873999132667881,-0.4503423257348097,Weak,Moderate,Weak,Weak
ALVARO,2024-01-01,,0.1801898114717698,0.0235386192538423,,0.0013227674370269,0.0002263262222851,TS,70,989,2.096589593038813,0.7698997562109732,-0.4732149905879598,0.7977581195539422,-1.3564657304257246,0.9519270974337122,1.433244674624893,Moderate,Suppressed,Moderate,Strong
BELAL,2024-01-14,,0.0402788393817598,0.0068958835915181,,0.0011219812089354,0.0003914955867843,2,100,968,0.722398123410918,0.6342963436436294,0.29494906947605687,0.5505478455102014,0.4001557706210537,0.6463842727758641,0.6783472335272738,Moderate,Moderate,Moderate,Moderate
ANGGREK,2024-01-28,,1.4397680414081633e-15,-3.969387077074079e-15,,4.9168566459770735e-17,-5.1912653456113326e-17,4,130,944,0.32678342173251645,-0.12344726364568126,1.0631131295400735,0.4221497625423029,0.2161693393723505,-0.06167374859996389,0.1016680790434176,Moderate,Moderate,Weak,Moderate
CANDICE,2024-01-26,,0.002743101985069,0.0015819551517476,,3.81067033181714e-05,8.24305587502912e-05,TS,60,982,0.3537258930190007,-0.09771143972615491,-0.7292696772759654,-0.15775174132770653,-0.18670357773085636,-0.03577236766333856,0.1280072266464229,Weak,Weak,Weak,Moderate
DJOUNGOU,2024-02-18,,8.356425344577449e-15,-5.936936621968454e-15,,3.9986683964468103e-19,-4.5712196656315924e-17,4,135,942,0.3267834217325844,-0.12344726364571419,1.1911404728840762,0.46482554365698214,0.24220192749802588,-0.06167374859998298,0.10166807904343511,Moderate,Moderate,Weak,Moderate
ELEANOR,2024-02-22,,0.0235387293607814,0.0060312553187867,,0.0012867769134397,0.0009066520033236,TS,60,992,0.5579784496153449,0.7455931199197345,-0.7292696772759654,0.19143396408637134,-0.950655217820971,0.719851609988864,0.6517857847675397,Moderate,Weak,Moderate,Moderate
FILIPO,2024-03-14,,0.1935724443710259,0.0253449575946536,,0.0013721565269999,0.0007705327776367,TS,70,990,2.228032464863677,0.803255276694591,-0.4732149905879598,0.8526909169901028,-1.4344508000908938,0.9987406088332162,1.515643870779134,Moderate,Suppressed,Moderate,Strong
NEVILLE,2024-03-21,,0.0351551851832079,0.0086215262811518,,0.0003680189499953,0.0006796880141251,4,130,948,0.6720741081618244,0.12509879443388333,1.0631131295400735,0.6200953440452605,0.8474849792630671,0.20014607323902792,0.39858645129785386,Moderate,Moderate,Moderate,Moderate
GAMANE,2024-03-27,,-0.0127112475672353,-0.0046132384087068,,-0.0017859285907995,-0.0012116438679642,2,100,970,0.20193482898607026,-1.329595781977544,0.29494906947605687,-0.27757062783847225,-0.33260254876931866,-1.119463438021765,-0.5638304764957368,Weak,Weak,Suppressed,Weak
HIDAYA,2024-05-03,,-0.0362461398217112,-0.0086620556689955,,-0.0003316245585718,0.0011368728943673,1,90,974,-0.029222511225288777,-0.347413928396158,0.03889438278805132,-0.11258068561113183,-0.014649041854565328,-0.30375674790098184,-0.1883182198107234,Weak,Weak,Weak,Weak
IALY,2024-05-21,,0.0037165882393709,-0.0021696114665272,,-0.0007356558223879,-7.585522528893983e-05,TS,70,989,0.36328737691463864,-0.6202813390653427,-0.4732149905879598,-0.24340298424622128,0.1216133953803079,-0.48533163694975134,-0.128496981075352,Weak,Moderate,Weak,Weak
KIRRILY,2024-01-25,,0.0146331113964699,0.0062423721118885,,0.0050387811302105,0.001518363043529,TS,70,982,0.47050836735154206,3.279554640076022,-0.4732149905879598,1.0922826722798682,-1.774586030764091,2.8941418554132006,1.8750315037137821,Strong,Suppressed,Extreme,Strong
LINCOLN,2024-02-16,,-0.3834365789603981,-0.0346768410325215,,-0.0014797151459185,-0.0011586720839437,TS,45,990,-3.4392920195252246,-1.1227908208278023,-1.1133517073079737,-1.8918115158870001,5.079202719187452,-1.4406243810413928,-2.2810414201765132,Suppressed,Extreme,Suppressed,Suppressed
MEGAN,2024-03-17,,0.0284069667073271,0.0164391965113438,,0.0068085050988975,0.0016512481282828,2,105,957,0.6057937862813155,4.4747591704724945,0.42297641282005966,1.8345097898579565,2.1489540647900744,3.943921093163455,2.540276478376905,Strong,Extreme,Extreme,Extreme
OLGA,2024-04-07,,-0.0090837106570385,-0.0006472520852136,,0.0022799819520477,0.0020437999700387,4,135,939,0.23756413098638646,1.4163661798775595,1.1911404728840762,0.9483569279160075,1.9700633325997878,1.2546296557622982,0.826965155431973,Moderate,Strong,Strong,Moderate
PAUL,2024-04-11,,9.238936018246262e-15,-7.751475020212872e-15,,4.47726991657278e-18,-6.06879945722951e-18,TS,60,993,0.32678342173259306,-0.12344726364571144,-0.7292696772759654,-0.1753111730630279,-0.14828689438655482,-0.06167374859997943,0.1016680790434408,Weak,Weak,Weak,Moderate
NAT,2024-02-06,,4.499155579702637e-16,-1.802672721941174e-15,,1.7199409247609194e-06,-8.850099295575661e-06,TS,50,993,0.3267834217325068,-0.12228568069737834,-0.9853243639639709,-0.26027554097628086,-0.2014966066175068,-0.06067153964384936,0.10224887051756423,Weak,Weak,Weak,Moderate
OSAI,2024-02-07,,-8.077192026674762e-16,-3.125817522666977e-15,,8.562677822870581e-06,-2.5177409121417377e-05,TS,60,993,0.3267834217324945,-0.11766435540279041,-0.7292696772759654,-0.17338353698208708,-0.15250419401451448,-0.05668427932281458,0.10455953316485203,Weak,Weak,Weak,Moderate
ANCHA,2024-10-02,,4.715241732338799e-15,-4.180334740135685e-15,,9.328877131995983e-18,-2.1045932368796664e-17,TS,60,954,0.3267834217325487,-0.12344726364570817,-0.7292696772759654,-0.1753111730630416,-0.14828689438652487,-0.061673748599982696,0.10166807904342026,Weak,Weak,Weak,Moderate
BHEKI,2024-11-17,,0.0008111945960632,0.0003338533832258,,2.7278517000872423e-05,2.828921432135185e-05,4,130,947,0.3347508933143676,-0.1050243865875882,1.0631131295400735,0.4309465454222843,0.24422526550461518,-0.04468539648313106,0.11486325336338969,Moderate,Moderate,Weak,Moderate
ROBYN,2024-11-28,,4.2132384567081206e-15,-6.178828830825025e-15,,3.6871875787306794e-18,-3.378114502278254e-17,TS,60,988,0.3267834217325437,-0.12344726364571197,-0.7292696772759654,-0.17531117306304456,-0.14828689438651846,-0.06167374859998666,0.10166807904341588,Weak,Weak,Weak,Moderate
CHIDO,2024-12-12,,0.1174874991899645,0.0167390772656443,,0.0014085996113557,0.0006792578942081,4,155,929,1.4807338000552,0.8278675553857073,1.7032498462600874,1.3372837339003316,3.932124903730555,0.9174435085530362,1.1543006777204536,Strong,Extreme,Moderate,Strong
