Cyclone,Peak_Date,SST_Large,SST_Meso,SST_Submeso,MSLA_Large,MSLA_Meso,MSLA_Submeso,SST_Large_Std,SST_Meso_Std,SST_Submeso_Std,MSLA_Large_Std,MSLA_Meso_Std,MSLA_Submeso_Std,SST_Submeso_Grad_Avg
ALBERTO,2024-06-20,-0.2189002850895924,-0.0067017738891452,0.0162303816695588,0.0097331724262042,-0.0011617642183554,0.0024877508830603,0.0161884380659225,0.029623961255061,-0.0749135575745835,0.002555212662678,0.0035719242274813,0.0028867794784487,0.0024339197146096185
BERYL,2024-07-02,0.430273769684284,0.0001828963519894,0.0057277516695519,0.0067608819558881,1.0912227065169693e-05,-0.0002930853927006,-0.3616363258086918,-0.0317317276062254,-0.1104463527468653,-0.0022485618513661,0.0005785934480509,0.0014637419867765,0.004913745693829218
CHRIS,2024-07-01,-0.0369931293228837,0.0061397922189456,-0.0062107927523641,-0.0403500482643251,0.0015385734401727,-0.0015655131276548,-0.0001874207741301,-0.0340337720674167,-0.005507094962201,-5.876213613732599e-05,-0.0036876764061749,-0.0239531687651246,0.0031233612494042905
DEBBY,2024-08-05,0.0992156983262901,-0.0084876916791482,-0.0288681505632417,0.0048815197900938,-0.0001474610731067,-0.0008526314021836,-0.0202452537867139,0.0447666960684774,0.074616542331882,5.075901010662479e-05,-0.0009183538769143,0.0033427208985022,0.00672854451899601
ERNESTO,2024-08-16,-0.0436125521403951,0.0016591213588057,0.0045189092490079,0.0029857484838436,8.806935584150359e-05,0.0001276759135748,0.0146494286717628,-0.0230540569748279,-0.0387566653933814,0.000384908365393,-0.001207346177187,-6.938073085280272e-05,0.0055424969193417295
FRANCINE,2024-09-11,-0.3562074119076932,-0.0068341248342315,-0.0275902771191585,0.0181001699848213,-0.0021093673512394,0.000345213420495,0.0007249743550332,0.0369121895025827,0.1037796860590833,-0.0022888720903115,-0.0006749937732745,-0.0040239885407557,0.004288515096431087
GORDON,2024-09-14,-0.0661867919577439,-1.7882151954227582e-17,2.001581781240573e-18,0.0085158296492911,7.805221188752585e-19,-1.2902508495693045e-18,0.0407653726734762,-0.0086467977805401,0.0033603267877004,-0.0010160227600593,0.0005448066672945,-9.453381108529696e-06,0.004000150222053568
HELENE,2024-09-27,-0.2843745053747177,0.0102130131870166,-0.0009103094425968,0.0036921487524495,0.000138238884277,0.0009477809577354,-0.09753571967675,-0.0175617034979029,-0.0434377547426425,0.0039978114860673,0.0006089179366899,0.0001640316032848,0.004489572940360194
ISAAC,2024-09-28,-0.1366546753885273,-0.0001187788005069,-0.0026490795552697,-0.0024869550614196,9.75602841888784e-05,-7.576388852244032e-05,-0.0682337491542206,0.0395274705194335,0.0412225692086407,-0.0038243065003404,-0.000181824141551,-0.0006463262886292,0.004084329371244482
JOYCE,2024-09-27,-0.2452760230489907,3.088521142598764e-17,-4.7496172176476686e-17,-0.0022841126126126,-8.001607384685731e-20,-3.2006429538743242e-19,0.0315242523850482,0.0343094056010712,0.0820790980174702,0.0021091914996067,0.000792769761835,0.0014466421464203,0.0040208996337138675
KIRK,2024-10-04,-0.3144369056405089,-0.000459682965312,-0.0029271631052636,-0.0028410976050206,5.123538820919169e-05,0.0001510323126178,0.0257414837514051,0.037222266665491,0.0527492062064494,0.0013091582009863,-0.0002596992393808,-0.0003389833157607,0.0038884384463777136
LESLIE,2024-10-10,-0.2436881967756967,-7.106617352187473e-17,-1.428903053790937e-17,0.0002829869164382,-5.8084948818343554e-08,5.6627593736051046e-08,-0.1395374998126239,0.0557662091631723,0.013311727186302,0.0037931915447447,0.0011502415976839,0.0009287314723324,0.003991427938902404
MILTON,2024-10-07,-0.2542155445156737,0.0037386110598084,-0.001677389801423,-0.0074598279809227,3.058237471922703e-05,-0.0001688995909938,0.0787086327963395,-0.0073611627693632,0.0364318634453856,0.0002298233247478,5.676320489469977e-05,-0.0034536361394723,0.004393988039123607
OSCAR,2024-10-19,-0.3081745974540126,-0.0013401342926441,0.0041561557987903,-0.0050286145842905,5.621718520639255e-05,-3.724208779291491e-05,0.067440574087708,-0.0116981564563897,0.0525404728378812,-0.0014763765550513,1.9648858506984834e-06,0.0001379988989302,0.003975198116933762
KRISTY,2024-10-19,-0.2857918527641985,0.0096788712153164,0.0106085563777278,-0.0233573964238511,0.0009405067506469,-0.0022083582784991,-0.0025595846655963,0.0133441869722575,-0.0109996899272846,-0.0031312016095278,-0.0065036442127329,-0.0113774560071107,0.001876178374646485
PATTY,2024-10-31,-0.2369148379062196,-9.129711246334622e-18,-1.0270925152126601e-17,-0.0025720663988657,4.1974405467870213e-19,4.0050578550592464e-19,-0.154060630336887,0.0133996455860128,1.3580095477139231e-05,-0.0009457915898602,-0.0001849695095858,-0.0017056781271085,0.003888719274433338
RAFAEL,2024-11-08,-0.0691606060684684,-0.0029861270382772,0.0078367205094142,-0.012515550510228,8.050426772548188e-06,0.0002830769528264,-0.0031518200670316,-0.0038925936802187,-0.0566765042552886,-5.661651285131242e-05,0.0008862747043158,6.653736410974775e-05,0.00403643808030766
SARA,2024-11-15,-0.2458368398091046,-0.0057086560977718,0.0047284725651975,-0.0018574088980072,-0.0004005967320834,0.0012420062974247,-0.0013504527776632,-0.0225987252749773,-0.0120677712051973,0.0043613968404324,0.0016514616300881,0.00447868533721,0.002926367226552024
ALETTA,2024-07-04,0.5040878829522057,0.004041158440768,0.0048486305842338,0.0037296124729208,-0.0001510934834075,0.0004212480266291,-0.1586810534519629,-0.085614777586093,-0.0811841676734597,-0.0012492353846325,0.0001704565669255,-0.0008611839167824,0.004726984729643625
BUD,2024-07-25,0.1884316476854692,0.0014255913887809,0.0034131027928253,0.0085868396050836,-2.6518727710073555e-05,8.412021611802861e-05,-0.0581808471566467,-0.0359307127342053,-0.013182869764992,-0.0025088880048028,-0.0004499727885698,0.0003689649334387,0.0031165220893759897
CARLOTTA,2024-08-03,-0.0225505358255304,0.0035314760946437,0.0003501854955398,-0.0076816367359901,4.091834883997416e-05,0.0001866360916163,-0.1967721747178012,-0.0153314812866502,-0.0028258976775223,9.847934112339544e-05,-0.000216884259553,-0.0001186802670498,0.003021572855482314
DANIEL,2024-08-03,-0.7049208864265957,1.6375943383723032e-16,-2.3619149111139282e-17,-0.0130448613086771,-1.7931233654003956e-18,1.0265220000090364e-18,-0.0308401886017623,-0.1142865948531021,-0.0118497860316021,-0.0001880817208983,-0.0012890740918631,-0.0022742446752384,0.0024485784384559784
FABIO,2024-08-06,-0.2841303728569286,-0.0006540248347229,0.0061303628936368,-0.0099811436369106,9.124412429620864e-05,0.0001057330166777,-0.2226618559462005,-0.039119230394892,0.0150798236744299,6.972030072167207e-05,-0.0004266378880374,0.0005446330829485,0.003930001128861244
EMILIA,2024-08-07,-0.0176067729281115,0.0033974588080295,0.0008924170280526,-0.0075010979616553,1.563265336179757e-05,-1.2312044336530065e-05,-0.2799659233021963,-0.0075058264962399,0.015844133272053,0.0007941074763111,-0.0001532922034123,0.0004404515964164,0.003697645048881604
GILMA,2024-08-25,0.086304212405718,0.0028468589392768,0.0019349423428714,0.0073174328466683,3.072397321919132e-05,-3.646042514399876e-05,-0.1579822179927466,-0.0096986082140475,-0.0041766345574618,4.339474097408286e-05,1.798618778033924e-05,0.0006832461124026,0.0034718735624693505
HONE,2024-08-25,0.0517902300449506,3.049259980332126e-05,-3.783518696844342e-05,-0.0021355781007192,9.073001873382937e-07,-1.128908250203611e-06,-0.0489901072889042,-0.0137512788167054,-0.01134188066412,0.0064495449548252,0.0004517626200512,-0.0002982165356795,0.003665828405563946
HECTOR,2024-08-27,0.0277614458492578,0.0001858217163366,0.0007304398563435,-0.0015415778381861,3.756324929415476e-06,3.527597030360827e-06,-0.084090307519212,0.0130376110142722,0.0051975372574065,0.0022040821232585,0.0016069049244073,0.0018615154650357,0.003215597843576556
ILEANA,2024-09-14,-0.5731006519130339,-0.0158812192986447,-0.0093003631436352,0.0001069070673485,-0.0001737193306638,0.0012174428427064,0.0332680949869844,0.0243228340426404,-0.0408387597865024,0.0008939635672382,0.0015552992776842,0.0032509391758678,0.004567724829926151
JOHN,2024-09-24,-0.9192028163766288,-0.0148485138818761,0.0414621408946702,-0.0235044040947299,-0.0005679273413723,0.00073751483959,0.0198049143862151,0.1179441741623901,-0.0279119171585599,0.0001209941403645,-0.0003342161243346,0.0011476948930484,0.0007172053835408334
LANE,2024-11-02,-0.2249398034769427,1.0655455689705556e-16,1.1063628387496685e-17,-0.0108802022841657,-1.0315661088270909e-18,1.8912045328496666e-18,0.0020108076391267,0.0348817109833278,0.0781336341532289,-0.0011068132231804,-0.002047057572344,0.0035133741636223,0.002258170462865391
EWINIAR,2024-05-26,0.3471317618997211,0.0035958590906125,0.0024479945567969,0.0005243922155891,9.692238253833012e-05,0.0003732741813593,-0.0775866797672666,-0.0215882352901944,-0.0273795917952344,0.0003902166832115,-0.0003998017585473,0.0002430431370497,0.0047012970100619245
GAEMI,2024-07-24,-0.2080131463257259,-0.0043219966322532,0.0144635856323612,0.0018492615322993,-2.8288242805590657e-05,-0.0006837620606338,-0.1384294763851223,-0.0488240164574329,-0.0765597852336025,0.0035028513392807,0.0012586533123333,0.0002657312630705,0.002139374968768133
PRAPIROON,2024-07-22,-0.3294751836392464,-0.0033280989709614,0.0052130573000944,0.0131870523797469,-0.0001893347429497,0.0003908057911063,0.0912459376541129,0.021407439556238,-0.0182520831551558,0.0008227965803373,-0.0015731807090961,-0.0009976026761881,0.0017945084512484037
MARIA,2024-08-08,0.047988799904111,0.0030766638299577,0.009135571537162,0.0121174327247619,4.713220752846686e-05,0.0002326680583711,-0.0840334539181457,-0.0463028583297553,-0.028876256141564,0.0051140472354764,0.000248267487598,-0.0019683991611649,0.004753302325248834
SON-TINH,2024-08-11,0.2090923659580212,-0.0093981779274834,-0.0091138145079099,0.0101328558059242,-0.0001376957443181,-0.0001693755100108,-0.0124841156944679,0.0178870111592086,0.00466116178732,0.0011435470859712,0.0003538020616353,0.0002231471494193,0.0044654505532080785
AMPIL,2024-08-16,0.0859944132763743,-0.003179173962561,-0.007490383446794,0.0133486409090378,-0.0001759198339904,-0.0002720439324155,-0.0012768451014366,0.0085628123115455,0.0140512753523063,0.00245334400875,0.0010024789830987,-0.0008269011004602,0.005020547462610839
JONGDARI,2024-08-19,-0.2998740880276713,0.0112061459789275,0.0050598224197269,-0.0018617121978601,5.012346803555067e-05,-0.0004006762753674,-0.1627329708898734,-0.0056290301551656,0.0436307917655914,-4.622508811191403e-05,0.0028029565055616,-0.0016217338434187,0.0065727026577872385
SHANSHAN,2024-08-27,-0.0362409856511583,-0.0031412876110494,-0.0072765969315446,-0.0026563468190152,3.979452522286293e-05,-8.36346994665671e-05,-0.1826857445354806,-0.0646971119529961,-0.0381828220418719,-0.0005305943165248,0.0008979914642413,-0.0007851219936735,0.004307408821132123
YAGI,2024-09-04,-0.1652827867032833,-0.0037957267721858,0.0060338981442468,-0.0057800597989101,3.3744632850456115e-05,0.0005839801664273,-0.0116844245407309,0.0011534663801782,-0.0300036772218392,0.0011580271408672,-0.0006852949458953,-0.0012126046698053,0.003158318541231124
LEEPI,2024-09-05,0.1879794529588991,-0.006779745026141,-0.0117719710814888,0.0041519132034416,-9.91405460012897e-06,6.070197100153853e-06,-0.001833201957611,-0.0063712148994473,0.0589594681943795,0.0024414660894468,-0.0013485879127859,-0.0011270762904849,0.004635648396532057
BEBINCA,2024-09-15,-0.0727975874492727,-0.0027631714894294,0.008756808994328,0.0046012337423815,0.0004199253234324,0.00135916765935,-0.1139737590095264,0.010410489087846,-0.0332663667047889,0.004910651619668,0.0004496876422468,0.0007713548892187,0.003393244544768161
PULASAN,2024-09-17,-0.1840241855307312,-0.0080246295591805,-0.0086844521462674,-0.0010941865836791,-4.11538203431229e-05,-6.509766951615797e-05,0.2014260203729296,0.002290957506122,-0.0043280465472517,0.0012122002374565,-0.0005115837370835,0.0002824578442908,0.004186286923312037
UNNAMED,2024-09-20,-0.2867970077863155,-0.0031418316046615,0.0043882543822682,-0.0066206480160189,-0.0003797409525313,0.0014191831381615,0.0804891477102877,0.0324577767209103,-0.070307028588463,-0.0012181696886576,-0.0012399375710021,0.0014067419261273,0.0021730519761324505
CIMARON,2024-09-24,-0.5017788453910157,-0.0076914276662673,-0.0576898273543929,0.0015316714761421,-8.458026728953394e-06,-0.0003927767081385,0.2089677049414545,0.0251651911177204,0.0091569959060118,0.0027131407408886,-0.0036578752454524,-0.0016157041036252,0.004300327108454016
JEBI,2024-10-01,-0.0751561249158605,-0.0012156618124923,-0.0024853045618908,0.001250008364316,-7.727154526847836e-05,-0.0002262878319389,-0.1200262380350984,-0.0544238146185807,-0.020502308649662,-0.002981508016896,-0.000149648238283,-0.001483018799324,0.004649098097073839
KRATHON,2024-09-30,-0.3487007068157801,-0.0063836553597204,-0.0037251149401914,-0.0045985922525798,-0.0008001717895649,0.0011275813829012,0.0550438638463087,0.062125778282791,-0.0030439222015103,0.001104074565859,-0.0027663304865707,0.0077868054099172,0.002344102454438249
BARIJAT,2024-10-10,-0.3536297987325767,-0.0010560556700106,-0.005719699403418,-0.0026894408477107,8.989025506585062e-06,-4.490020839591902e-05,0.1682170211177602,0.0512758951871139,0.0163343911316117,0.0064554075716899,0.0002097500766863,0.0001260748019708,0.004148707323568338
TRAMI,2024-10-25,-0.3613788524320078,-0.0014255979309087,0.0003283872705426,0.0028830063519471,0.0003184604314453,0.0013337441089605,0.0556949466144198,0.0154200794874018,0.0555857562065485,0.0068106319474956,0.000315080262918,0.0041191143928669,0.0032140209667113166
KONG-REY,2024-10-29,-0.2333648696862482,0.000201343311795,-0.0092310338292326,-0.0063354821134975,-6.455693693913338e-07,0.0002329859363723,0.0716153971657314,0.0162139020998685,0.0390059898623424,0.0042942027278962,0.0006933841470534,-0.004186898326145,0.004172680938547442
YINXING,2024-11-07,-0.1131531078322858,-0.0010876381072349,-0.0005735846521266,-0.0136449937219784,0.0001649894551551,0.0004222107342974,0.2043703143777488,0.0394831698822423,0.0565785883395737,0.0012297460859878,0.0007024882582787,-0.0020883867624141,0.004001839782170223
TORAJI,2024-11-10,-0.0596582940519816,-0.0020511083932543,-0.0025502592459202,-0.008482352217331,-8.336812002246864e-05,-0.0002606273453281,0.2266574225363671,0.0293631649082768,0.0054972297235988,-0.0030854798260342,-0.0005782952867391,-0.0015621960384114,0.004262030060983146
MAN-YI,2024-11-16,-0.2052638773212578,-0.000777974025819,0.0017747858207188,-0.0046479576142021,-0.0001085579628405,-0.00030201336424,0.4524318550797979,0.0456066667483791,0.0537065524243598,-0.0014058234568592,-0.0002760611248216,-0.0018323204844193,0.00421813593981709
USAGI,2024-11-13,0.0087769892018485,0.0002803052041362,0.0014905941168605,-0.0027000671302422,3.556426229381916e-05,-0.000299797985845,0.1638211582671651,0.0586327981015789,-0.0144587972219222,-0.0002968173130966,-0.0004059330503101,-0.0019957648636765,0.004130212252593947
REMAL,2024-05-26,-0.7296186689260615,-0.0166637979033932,0.0233699044524905,0.0216640225477511,-0.000181118288592,0.0068608105731613,0.0197028079562413,0.0423979289802492,-0.0625981578737779,0.0008681010123954,0.005933332654464,0.0007799116787968,0.0013532489814220595
ASNA,2024-08-31,-0.5152205209096188,0.0017985920845565,0.002742676147192,-0.0138476718797962,-0.0006880930722224,-0.0007077349931747,0.0088199549013217,0.0028501413621622,-0.0397454418824185,0.0062280327417122,0.0027348444263512,0.0029955345621705,0.003074426107289402
DANA,2024-10-24,-0.6352300544361746,-0.0003925738816087,-0.0134920418807176,0.0256068010478736,-0.0013183602970056,0.0027571833668976,-0.0591348377381631,-0.0531282131692883,-0.0081927044071136,0.0174439044671957,0.0137210285560962,0.0168422586994153,0.0026344081738520833
FENGAL,2024-11-30,-0.3978044844365982,-0.0002711227350575,-0.0063034584856415,-0.0114153703407035,2.8428503010209487e-05,-0.0010386861236768,0.0337522246020441,0.0445356003483296,0.0420271201675246,-0.0043384670857468,0.0001859342392287,-0.0014393139724181,0.002410347532847326
BELAL,2024-01-14,-0.0616469455156547,-0.0020128187031508,-0.0011036113306163,-0.0155409211866335,-7.295262113038046e-05,7.519876483769769e-05,-0.2110899845822116,0.0043922022798563,0.0085352085209928,-0.000656331035155,0.0013217687545813,-0.0011182977853458,0.003606035875632937
ANGGREK,2024-01-28,0.2327312479620715,1.5643789134820257e-18,2.2454231818514533e-18,-0.0202456327094192,-2.6818618669766647e-18,6.032952939849161e-19,0.1198190795604894,-0.0282875106935794,0.019619590467382,-0.0015869141876197,0.0004820317323776,-0.0002142209468482,0.0037947173659794815
CANDICE,2024-01-26,0.1262027989902314,6.722133879542917e-05,-0.000479762087856,-0.0091798326078017,-7.382865325094247e-06,1.401320945091774e-06,-0.1040885893088838,0.0102592678859441,0.0015188325894964,-0.0054018235988862,-0.0007561317099703,-0.0006069395097555,0.0035696899063297747
DJOUNGOU,2024-02-18,-0.0291772077954952,4.681989446330308e-17,4.562955816338981e-18,-0.001164201630559,-3.8696790933355353e-20,-6.771938413337418e-20,-0.0849363772583995,0.0002519711247341,0.0157929547286641,-0.0066393155349104,-0.0002110887487066,-0.0008529869166547,0.003282428062348134
ELEANOR,2024-02-22,-0.0787704054583002,0.0010705800312221,0.0057669191043726,-0.015537528331547,4.783107056210181e-05,0.0002116639642414,-0.04494185388154,-0.0156748918462351,0.0100086194516254,-0.0046601274755534,-0.0006511945341612,-7.190984775313353e-05,0.003448123635980982
FILIPO,2024-03-14,0.113037764443419,0.0021914561510622,0.0032945319389711,-7.410484566258702e-05,-4.2151777395818e-05,-0.000993574103504,0.0330564624488922,0.0199746817972,0.0102197081554039,-0.0078519467206454,0.000384114651135,0.0021633234270754,0.004542286285411809
NEVILLE,2024-03-21,-0.3967784697551266,0.0029408845867132,0.0076205825355494,-0.0214195374929864,1.3618819461990985e-05,0.0021736113787513,-0.1126295510855044,0.0028846589336219,0.0174283569686964,0.0074430362002668,0.0019495597511766,-0.0008332574101954,0.0035190927254525155
GAMANE,2024-03-27,-0.1668810959150022,-0.0026317210930627,-0.0080021061016244,-0.0086295123561319,-3.401781753601581e-05,-0.0004202166191479,0.1094270354823642,0.0636458692647506,0.0257947461572406,0.0019104993524458,0.0004413003365102,0.0007013473980732,0.0030838325738891635
HIDAYA,2024-05-03,-0.5473783800195058,-0.0058139698271211,0.0048943228956687,-0.025067192821825,-0.0007670185299912,0.0013235363277083,0.0184187616996781,0.0367248870234896,-0.0050403517166719,0.0010531269399897,-0.0003735147567005,0.0016725196640801,0.002694311132468569
IALY,2024-05-21,-0.4933694592643469,0.0001936328628709,0.004841033105175,-0.0304768587205943,-4.536735010714265e-06,0.0001714806019665,-0.0717989928744626,0.0297498966251692,0.0260681984067009,0.0025205778117504,0.0028524648498685,-0.0031195211001029,0.004155112817091643
KIRRILY,2024-01-25,-0.2439553057815615,0.0280237430332142,0.0311877599374526,-0.01592342343946,0.0011993258765945,0.001424689998729,-0.4333360248764834,-0.1059142532405224,-0.0025780193160356,0.0169084604597085,0.0045982275386384,0.0053433190021389,0.0035155834081184016
LINCOLN,2024-02-16,0.1283149114916746,0.0072288748213371,0.0030763384997931,0.008158922316307,0.0007472447953061,0.0022496784175675,-0.0462119437699313,-0.0405839791821081,-0.0294757501384916,-0.0064637767026421,-0.0017040383031906,-0.0049594329975934,0.004429121480546641
MEGAN,2024-03-17,-0.2496944722882794,-0.0105869776867213,0.0011326108023562,0.0601446571721845,0.0003578475422726,-0.0009132366996465,-0.030808784051215,-0.0580542966594371,0.0092711007618448,0.012972628467888,0.0056138305268773,-0.0004081449332984,0.0018163032117953074
OLGA,2024-04-07,-0.3297800186299895,-0.0129579420702383,-0.0176438983152627,-0.0073150811491052,0.0001059401548868,0.0017715496804413,-0.0672892873474438,-0.028451113359559,0.0041838892294536,-0.001490556668089,0.00169547135421,0.0051775659125043,0.0037681458150187366
PAUL,2024-04-11,-0.436568468809078,7.736722415837749e-16,-4.190724641912096e-17,-0.0078519966918714,8.394881093573964e-19,1.0493601366967453e-18,0.0144908678771842,0.0715680929513791,0.0235407395983588,0.0003860287647994,-0.0002509601860512,0.0003372108527952,0.001990247624170241
NAT,2024-02-06,-0.0685518308257933,-2.6926122276841785e-17,-6.731530569210607e-18,0.0010013406516328,1.618834945040267e-07,-1.498419748634415e-06,-0.0597557968269124,0.0061146155970595,-0.0042903021365747,0.0067865304853044,0.0005339906673878,-0.000208158056516,0.003459577791600056
OSAI,2024-02-07,-0.1729831625739279,2.5916124149758757e-17,-1.9977012365438894e-17,-0.0106169428939936,1.4876577712123533e-06,-2.90149078928146e-06,-0.1079136047175395,-0.0268139544209325,0.0072432997303051,0.0029397039263495,0.002753210331837,0.0011232861874577,0.0026158440309311365
ANCHA,2024-10-02,0.1474639767001164,1.856698959411565e-17,-7.994120519688555e-18,-0.0008477692507804,1.1552789017951571e-19,1.2836432242168757e-19,-0.0693461784731948,-0.0136721295939484,0.0157738678441934,-0.0028650388147337,0.0007538420190724,0.001848133815542,0.0034962943648954633
BHEKI,2024-11-17,0.4022596512701888,-9.277151510863452e-06,-0.0001075150367966,0.0102073950737155,-2.445693775356108e-06,-5.094348733828079e-06,-0.6173318368224061,0.0083176914606608,-0.0075973918314016,-0.0083381938445933,-0.0001369932829049,0.0007357640506153,0.003700005345618648
ROBYN,2024-11-28,-0.0384165529227296,-5.3931021148297374e-17,3.983541334817409e-17,-0.0191724135124135,-6.74779426172935e-19,1.9279412176369568e-19,0.0714433835960197,0.0065255820467832,-0.0273852153199877,0.0030030170792768,-0.0005561753084709,0.001001135072253,0.002457254077934904
CHIDO,2024-12-12,0.0070501626689036,0.0006163809666035,0.0015960107597954,0.003166614703731,0.0001195788720017,0.0002271796365205,0.0207382158458315,0.0274221745554525,0.0234648460279643,-0.0004215365033326,6.572181529674107e-05,0.0014810883523268,0.0041294427112157465
