Cyclone,Date,SST_Anomaly,MSLA_Anomaly
ALBERTO,2024-06-13,0.0349019754538686,0.0008190556873692012
ALBERTO,2024-06-14,0.0340421952021988,0.0007997937520894663
ALBERTO,2024-06-15,0.03438572575079837,0.000789861698163163
ALBERTO,2024-06-16,0.030755680425771828,0.0007227184533715344
ALBERTO,2024-06-17,0.03125980405006111,0.0006098762112907565
ALBERTO,2024-06-18,0.03519762903456928,0.000421859000549031
ALBERTO,2024-06-19,0.03729769625906514,0.0001863180321136406
ALBERTO,2024-06-20,0.022766858352206945,-6.514362657081854e-05
ALBERTO,2024-06-21,0.01994960743331403,-0.00031922281862768926
ALBERTO,2024-06-22,0.016550990378855757,-0.0005670257817471347
ALBERTO,2024-06-23,0.011611605436581672,-0.000787909837297519
ALBERTO,2024-06-24,0.010923557483674172,-0.0009660155981154209
BERYL,2024-06-25,-0.0926474555774173,0.00024631635618716923
BERYL,2024-06-26,-0.09950253267412573,0.00020005042555513885
BERYL,2024-06-27,-0.10627000614309877,0.00020411025948423227
BERYL,2024-06-28,-0.10971942353380658,0.000249092563044284
BERYL,2024-06-29,-0.11264406470396825,0.00030885764965731894
BERYL,2024-06-30,-0.11195745802114038,0.00035277122757059435
BERYL,2024-07-01,-0.11023621875441376,0.0003574899857921626
BERYL,2024-07-02,-0.10880998007187434,0.00031293579792639415
BERYL,2024-07-03,-0.10818340623131209,0.00022722291358312206
BERYL,2024-07-04,-0.10536621300175494,0.00012177040396703477
BERYL,2024-07-05,-0.10089474044035776,2.2251796877535696e-05
BERYL,2024-07-06,-0.0972107556586347,-4.890454702140045e-05
BERYL,2024-07-07,-0.09264150693017288,-8.196202698233375e-05
BERYL,2024-07-08,-0.08624855689769467,-8.370065273383546e-05
BERYL,2024-07-09,-0.08240513228367942,-7.17924942914345e-05
BERYL,2024-07-10,-0.07825690903387456,-6.506983362195242e-05
BERYL,2024-07-11,-0.07695393473730995,-7.77310877362197e-05
BERYL,2024-07-12,-0.07267441282423491,-0.0001145058102759275
BERYL,2024-07-13,-0.06549906557514037,-0.0001697515031511944
BERYL,2024-07-14,-0.060151590644086025,-0.00022895691127978811
CHRIS,2024-06-25,-0.01287134814763284,-0.007147837355305064
CHRIS,2024-06-26,-0.009046464530702465,-0.006772122640998256
CHRIS,2024-06-27,-0.0032541661096294125,-0.0060590363447769165
CHRIS,2024-06-28,0.0003630815976272727,-0.00509283857364576
CHRIS,2024-06-29,-0.002432215722887417,-0.003964752158565055
CHRIS,2024-06-30,-0.0012943076368315373,-0.0027196978184896537
CHRIS,2024-07-01,-0.008838531600082822,-0.0014580452684276812
CHRIS,2024-07-02,-0.00941264234087143,-0.0002906982267524693
CHRIS,2024-07-03,-0.0054370365824676576,0.0007057787844907839
CHRIS,2024-07-04,-0.002545932439746619,0.0016366654930396068
CHRIS,2024-07-05,-0.0013042305811675346,0.00249913478200349
CHRIS,2024-07-06,-0.011356297276164395,0.0032330510835076828
DEBBY,2024-08-01,-0.22387303153817184,0.0004913290179601307
DEBBY,2024-08-02,-0.21720188644243246,0.00034695362972421483
DEBBY,2024-08-03,-0.21607236121457735,0.00021101599770657377
DEBBY,2024-08-04,-0.2135073359914588,9.423772929743636e-05
DEBBY,2024-08-05,-0.22242430158619325,6.4027670257752055e-06
DEBBY,2024-08-06,-0.241195334021728,-4.587276449799041e-05
DEBBY,2024-08-07,-0.2588436975689109,-6.2624303923391e-05
DEBBY,2024-08-08,-0.2722723123730736,-4.5309844380665014e-05
DEBBY,2024-08-09,-0.2801352946378889,5.01160902780708e-06
DEBBY,2024-08-10,-0.2863018055961321,8.253677948900692e-05
DEBBY,2024-08-11,-0.29159857484691626,0.00018139430288098405
DEBBY,2024-08-12,-0.28621917522115436,0.0003024523729688662
ERNESTO,2024-08-10,-0.13030800666189257,-0.0001378988244524168
ERNESTO,2024-08-11,-0.13090498229586608,-7.442641892209362e-05
ERNESTO,2024-08-12,-0.13063756313039068,-3.246119846532865e-05
ERNESTO,2024-08-13,-0.1316684596495712,-8.883713896061222e-06
ERNESTO,2024-08-14,-0.13288812928779592,3.245887116119099e-06
ERNESTO,2024-08-15,-0.1307818614626192,1.2263379376928682e-05
ERNESTO,2024-08-16,-0.12736298587701023,2.4969219085127167e-05
ERNESTO,2024-08-17,-0.1223112648603782,4.1207435585066775e-05
ERNESTO,2024-08-18,-0.12075815935203976,5.652930921262905e-05
ERNESTO,2024-08-19,-0.12049027027680918,6.580359813707289e-05
ERNESTO,2024-08-20,-0.12209207738541261,6.564404687780578e-05
ERNESTO,2024-08-21,-0.12620290468746095,5.465261561378843e-05
FRANCINE,2024-09-06,-0.013933602476988612,0.0015825962466603323
FRANCINE,2024-09-07,-0.018892446745900123,0.0014583727733949983
FRANCINE,2024-09-08,-0.015811751166730406,0.0011257183856900792
FRANCINE,2024-09-09,-0.027000132969732794,0.0005965457701857722
FRANCINE,2024-09-10,-0.032628520716311046,-7.621581669337544e-05
FRANCINE,2024-09-11,-0.04975029566569619,-0.0007965402261266097
FRANCINE,2024-09-12,-0.041469505652555264,-0.001463192839702875
FRANCINE,2024-09-13,-0.039887334403079705,-0.0019899620476039877
FRANCINE,2024-09-14,-0.05632057322390033,-0.0023225261303294583
FRANCINE,2024-09-15,-0.0604563911295384,-0.002438196954487997
FRANCINE,2024-09-16,-0.06002296973570047,-0.0023596880155660857
FRANCINE,2024-09-17,-0.05939236474191348,-0.002131660752486482
GORDON,2024-09-09,4.977415713950308e-15,4.460126393572909e-19
GORDON,2024-09-10,4.959208431960549e-15,8.920252787145818e-19
GORDON,2024-09-11,4.9705879832041484e-15,0.0
GORDON,2024-09-12,5.002450726686226e-15,6.690189590359364e-19
GORDON,2024-09-13,4.984243444696467e-15,-6.690189590359364e-19
GORDON,2024-09-14,4.984243444696467e-15,1.1150315983932274e-18
GORDON,2024-09-15,4.9660361627067084e-15,-2.2300631967864544e-19
GORDON,2024-09-16,4.94782888071695e-15,1.5610442377505183e-18
GORDON,2024-09-17,4.988795265193907e-15,1.3380379180718728e-18
GORDON,2024-09-18,5.0115543676811055e-15,4.460126393572909e-19
GORDON,2024-09-19,5.0070025471836654e-15,1.1150315983932274e-18
GORDON,2024-09-20,5.043417111163183e-15,6.690189590359364e-19
HELENE,2024-09-20,-0.05760028761720831,0.0013555974250067317
HELENE,2024-09-21,-0.05660102777810564,0.0014899920109279325
HELENE,2024-09-22,-0.055880252412735865,0.001626052685415001
HELENE,2024-09-23,-0.05569516917515618,0.0017604424803115048
HELENE,2024-09-24,-0.050533285631123026,0.0018795630778958767
HELENE,2024-09-25,-0.04643631822272742,0.001970044537597927
HELENE,2024-09-26,-0.04358307137532862,0.002026149193043845
HELENE,2024-09-27,-0.043664279880610835,0.0020478339534918165
HELENE,2024-09-28,-0.049173318705343576,0.0020461626880615793
HELENE,2024-09-29,-0.05235310488640704,0.0020352755927773554
HELENE,2024-09-30,-0.05624777542860595,0.0020201098560157734
HELENE,2024-10-01,-0.06064336820349829,0.002001812307103368
ISAAC,2024-09-23,-0.16787962042732996,-9.873628133429889e-05
ISAAC,2024-09-24,-0.16726806906380354,-8.20659439423306e-05
ISAAC,2024-09-25,-0.16951331782263127,-6.651416892011057e-05
ISAAC,2024-09-26,-0.17064221757398498,-5.1867574178698283e-05
ISAAC,2024-09-27,-0.17041992369702547,-3.663665272121176e-05
ISAAC,2024-09-28,-0.16851478963280755,-1.9919106289894736e-05
ISAAC,2024-09-29,-0.17039129290505314,-2.961695241797758e-06
ISAAC,2024-09-30,-0.1717951974291459,1.1302978580446706e-05
ISAAC,2024-10-01,-0.17226637196134817,2.0239589810324594e-05
ISAAC,2024-10-02,-0.1715090901910882,2.241633920613807e-05
ISAAC,2024-10-03,-0.17146593221997797,1.8945377993156885e-05
ISAAC,2024-10-04,-0.17051735481628727,1.2533000467955212e-05
JOYCE,2024-09-23,1.7602132206647592e-14,4.3848808468078257e-17
JOYCE,2024-09-24,1.7440391231022026e-14,4.256855128652853e-17
JOYCE,2024-09-25,1.748834458560448e-14,4.224848699114109e-17
JOYCE,2024-09-26,1.7307097160657238e-14,4.3848808468078257e-17
JOYCE,2024-09-27,1.7383497420500468e-14,4.2888615581915957e-17
JOYCE,2024-09-28,1.7360739896291846e-14,4.2888615581915957e-17
JOYCE,2024-09-29,1.746477429267412e-14,4.352874417269082e-17
JOYCE,2024-09-30,1.7328229147422386e-14,4.224848699114109e-17
JOYCE,2024-10-01,1.7328229147422386e-14,4.160835840036623e-17
JOYCE,2024-10-02,1.7321726997648494e-14,4.224848699114109e-17
JOYCE,2024-10-03,1.7250203350135683e-14,4.096822980959136e-17
JOYCE,2024-10-04,1.7159173253301192e-14,3.9687972628041633e-17
KIRK,2024-09-29,-0.05092119478730435,0.0006588118774981788
KIRK,2024-09-30,-0.05286061128409961,0.0006360376564198084
KIRK,2024-10-01,-0.053096941106628374,0.0006007277508399599
KIRK,2024-10-02,-0.051740228093185965,0.000563626546850048
KIRK,2024-10-03,-0.0531092462949486,0.0005352256299075024
KIRK,2024-10-04,-0.05397734357611953,0.0005236057361752405
KIRK,2024-10-05,-0.05227767112336918,0.0005327177166401957
KIRK,2024-10-06,-0.04623588371076476,0.0005624947639677191
KIRK,2024-10-07,-0.04584078282621737,0.0006103822259253002
KIRK,2024-10-08,-0.04315728903442042,0.0006725137346058082
KIRK,2024-10-09,-0.041713839118790695,0.0007451392627089229
KIRK,2024-10-10,-0.044393398926076647,0.0008252986843605653
LESLIE,2024-10-01,5.966648015829772e-15,2.0154627539778232e-08
LESLIE,2024-10-02,5.940452975760275e-15,2.3509571352519564e-11
LESLIE,2024-10-03,5.937542415752553e-15,-1.6060357671767607e-08
LESLIE,2024-10-04,5.9724691358452155e-15,-2.876965856556247e-08
LESLIE,2024-10-05,5.937542415752553e-15,-3.7347507587852826e-08
LESLIE,2024-10-06,5.960826895814328e-15,-4.1977139263631634e-08
LESLIE,2024-10-07,5.96373745582205e-15,-4.347388287003539e-08
LESLIE,2024-10-08,5.943363535767997e-15,-4.3116063267682294e-08
LESLIE,2024-10-09,5.9724691358452155e-15,-4.191404622674288e-08
LESLIE,2024-10-10,5.940452975760275e-15,-4.034122422057254e-08
LESLIE,2024-10-11,5.9812008158683805e-15,-3.969871088929917e-08
LESLIE,2024-10-12,5.99575361590699e-15,-4.086807734358944e-08
MILTON,2024-10-02,0.0012990960237174733,0.0010550115062834238
MILTON,2024-10-03,0.002226498732553869,0.0010402469391557576
MILTON,2024-10-04,0.003178894132161197,0.0010206370841537144
MILTON,2024-10-05,0.002576094174920503,0.000999157402456498
MILTON,2024-10-06,0.004327074890303824,0.0009819035682066253
MILTON,2024-10-07,0.005958432878962531,0.0009863239061249512
MILTON,2024-10-08,0.005967002339504662,0.001028018469789264
MILTON,2024-10-09,0.008675307893016968,0.0011064122140825201
MILTON,2024-10-10,0.007260093379868844,0.001206296221772238
MILTON,2024-10-11,0.009147033491338736,0.0012965773195978691
MILTON,2024-10-12,0.010136307926802394,0.0013543422375289123
MILTON,2024-10-13,0.009989599606980685,0.001362884492664119
OSCAR,2024-10-15,0.018234999379115126,-0.00043773982649761365
OSCAR,2024-10-16,0.013944778097058862,-0.0004493624387907826
OSCAR,2024-10-17,0.010975935930250622,-0.00045513017576155563
OSCAR,2024-10-18,0.011093170427285552,-0.0004497485299043209
OSCAR,2024-10-19,0.011518943911476278,-0.0004339295177581986
OSCAR,2024-10-20,0.013456885551906111,-0.0004091392222910875
OSCAR,2024-10-21,0.015949968416798768,-0.00037719885715661866
OSCAR,2024-10-22,0.018123270260930868,-0.00033949044660669717
OSCAR,2024-10-23,0.01931217087231554,-0.00030330817622600906
OSCAR,2024-10-24,0.01806218071745317,-0.00027750390754504445
OSCAR,2024-10-25,0.017055964083351267,-0.0002671197798067309
OSCAR,2024-10-26,0.015954870485412064,-0.0002732879982686511
KRISTY,2024-10-14,-0.013917613462564317,0.0024154213444355344
KRISTY,2024-10-15,-0.02036724119185733,0.0023794794648702463
KRISTY,2024-10-16,-0.02025515007704295,0.002369568069515276
KRISTY,2024-10-17,-0.020508105691365696,0.002386084470558124
KRISTY,2024-10-18,-0.019538155884460163,0.0024265981163972537
KRISTY,2024-10-19,0.018019660378049977,0.0024794995326745664
KRISTY,2024-10-20,0.004450075331970915,0.0025282353997645047
KRISTY,2024-10-21,-0.006519683934273395,0.002554258390871554
KRISTY,2024-10-22,-0.007701364082077004,0.002526676075114029
KRISTY,2024-10-23,-0.005922955524188182,0.0024223532132204
KRISTY,2024-10-24,-0.004397105137070361,0.0022655228450790864
KRISTY,2024-10-25,-0.005462740242878144,0.0020616129670735566
PATTY,2024-10-28,-1.8830029445564835e-16,2.780804362246375e-17
PATTY,2024-10-29,-1.8830029445564835e-16,2.833272369081212e-17
PATTY,2024-10-30,-2.0541850304252547e-16,2.833272369081212e-17
PATTY,2024-10-31,-2.0541850304252547e-16,2.7283363554115377e-17
PATTY,2024-11-01,-1.540638772818941e-16,2.7912979636133427e-17
PATTY,2024-11-02,-2.0541850304252547e-16,2.7912979636133427e-17
PATTY,2024-11-03,-1.8830029445564835e-16,2.7493235581454728e-17
PATTY,2024-11-04,-1.6262298157533267e-16,2.7703107608794076e-17
PATTY,2024-11-05,-1.968593987490869e-16,2.833272369081212e-17
PATTY,2024-11-06,-1.6262298157533267e-16,2.665374747209733e-17
PATTY,2024-11-07,-1.8830029445564835e-16,2.591919537640961e-17
PATTY,2024-11-08,-2.0541850304252547e-16,2.5761791355905097e-17
RAFAEL,2024-11-01,0.03517591223097387,-0.0013443299415861049
RAFAEL,2024-11-02,0.03452042488592527,-0.0013760348830343856
RAFAEL,2024-11-03,0.03523700372747435,-0.0013892748386438894
RAFAEL,2024-11-04,0.03488991925730376,-0.0013937423140942219
RAFAEL,2024-11-05,0.03656854286955171,-0.001401137553968017
RAFAEL,2024-11-06,0.03856406462556004,-0.0014195447611127596
RAFAEL,2024-11-07,0.036314760072150384,-0.0014404969724198017
RAFAEL,2024-11-08,0.03476393241254272,-0.0014481961941499872
RAFAEL,2024-11-09,0.03635153496143133,-0.0014316210036281244
RAFAEL,2024-11-10,0.036150333875457887,-0.0013842940976845014
RAFAEL,2024-11-11,0.03446398409139515,-0.0013070095236956728
RAFAEL,2024-11-12,0.03232085612170442,-0.0012224681268187378
SARA,2024-11-10,-0.013093142638499377,0.0013772817113093928
SARA,2024-11-11,-0.013439991687127804,0.0015074155289404951
SARA,2024-11-12,-0.013413976447905847,0.0016425041915858795
SARA,2024-11-13,-0.011191617418105378,0.0017594087163668216
SARA,2024-11-14,-0.011916417735273547,0.0018227975636115473
SARA,2024-11-15,-0.013213637710588004,0.0018012040116233698
SARA,2024-11-16,-0.017550775833783096,0.0016821367019328622
SARA,2024-11-17,-0.014011547899284157,0.001465877468438056
SARA,2024-11-18,-0.025296708114988752,0.0011909502188612977
SARA,2024-11-19,-0.030486774796120646,0.0008133434543517387
SARA,2024-11-20,-0.02985551067892726,0.0004037649941212557
SARA,2024-11-21,-0.030810216984761392,-1.1541801510153673e-05
ALETTA,2024-06-29,-0.0053455186626796955,-0.0009011535901660877
ALETTA,2024-06-30,-0.005578376403442408,-0.0009048943827205675
ALETTA,2024-07-01,-0.004299446591341285,-0.0009084990330319283
ALETTA,2024-07-02,-0.0030814985373998328,-0.0009067995023390663
ALETTA,2024-07-03,-0.002797647803481471,-0.0008960363239021646
ALETTA,2024-07-04,0.0019626858483851057,-0.000875660322826889
ALETTA,2024-07-05,0.004367015904788231,-0.0008491865320680604
ALETTA,2024-07-06,0.006196400123630899,-0.0008226789298453696
ALETTA,2024-07-07,0.008748830284419262,-0.000801172822354161
ALETTA,2024-07-08,0.008960903081787947,-0.0007869965976447997
ALETTA,2024-07-09,0.007486130124973678,-0.0007797245423022455
ALETTA,2024-07-10,0.005144177506973487,-0.0007763237817910883
BUD,2024-07-21,-0.013441982136017348,-0.00013393239426173596
BUD,2024-07-22,-0.01303650895210729,-0.0001360015069924668
BUD,2024-07-23,-0.012155465529751023,-0.00013865413216984873
BUD,2024-07-24,-0.010385822767943684,-0.00014177115700321567
BUD,2024-07-25,-0.008513030888725659,-0.00014498176430286706
BUD,2024-07-26,-0.008489606587037483,-0.0001477195302921926
BUD,2024-07-27,-0.008281323445923814,-0.0001494623309782968
BUD,2024-07-28,-0.007884986330342741,-0.00014973787259501149
BUD,2024-07-29,-0.00715651566330957,-0.00014821668954504393
BUD,2024-07-30,-0.0077368115293664,-0.00014476287614210713
BUD,2024-07-31,-0.008334539004322546,-0.0001394757721467221
BUD,2024-08-01,-0.008018425789193194,-0.0001328228058634277
CARLOTTA,2024-07-30,0.007886049577974327,-3.1676610170891237e-05
CARLOTTA,2024-07-31,0.00630890087965802,-5.39961047578067e-07
CARLOTTA,2024-08-01,0.007094473741989392,3.132302124520141e-05
CARLOTTA,2024-08-02,0.009672192228159161,6.140976613148445e-05
CARLOTTA,2024-08-03,0.011880058852140371,8.63904443105287e-05
CARLOTTA,2024-08-04,0.013330175006516376,0.00010259616114036866
CARLOTTA,2024-08-05,0.01469997097926564,0.00010760953780252195
CARLOTTA,2024-08-06,0.0014987539324583835,9.97838976167276e-05
CARLOTTA,2024-08-07,0.016346663184648554,7.890566564921158e-05
CARLOTTA,2024-08-08,0.01883840429998681,4.736070514832904e-05
CARLOTTA,2024-08-09,0.018947010157266065,9.159924222065946e-06
CARLOTTA,2024-08-10,0.01712336601028832,-3.0061657639746197e-05
DANIEL,2024-07-30,8.843009427210466e-15,9.791440615470798e-18
DANIEL,2024-07-31,8.76742815005482e-15,9.317661230851243e-18
DANIEL,2024-08-01,8.74223439100294e-15,1.105485230778961e-17
DANIEL,2024-08-02,8.717040631951057e-15,7.580470153912876e-18
DANIEL,2024-08-03,8.792621909106703e-15,8.212176000072282e-18
DANIEL,2024-08-04,8.729637511476999e-15,8.212176000072282e-18
DANIEL,2024-08-05,8.628862475269471e-15,8.843881846231688e-18
DANIEL,2024-08-06,8.565878077639767e-15,8.843881846231688e-18
DANIEL,2024-08-07,8.581624177047193e-15,8.843881846231688e-18
DANIEL,2024-08-08,8.817815668158583e-15,7.580470153912876e-18
DANIEL,2024-08-09,8.641459354795412e-15,6.317058461594063e-18
DANIEL,2024-08-10,8.861904746499377e-15,1.0107293538550501e-17
FABIO,2024-08-01,0.014001581200043075,-0.00012904041140201857
FABIO,2024-08-02,0.01602171938209968,-0.00011432005410648466
FABIO,2024-08-03,0.018739765779115385,-8.910710905334409e-05
FABIO,2024-08-04,0.019998534365410162,-5.1874407923841914e-05
FABIO,2024-08-05,0.020521517436465415,-5.804243320137208e-06
FABIO,2024-08-06,0.018861312621906684,4.219807493891922e-05
FABIO,2024-08-07,0.020962931728482292,8.407619256374696e-05
FABIO,2024-08-08,0.02370599537833374,0.00011367711764499583
FABIO,2024-08-09,0.02344181345160089,0.00012794421720223778
FABIO,2024-08-10,0.020625693907161756,0.00012839834252135647
FABIO,2024-08-11,0.017214492616098344,0.00012028603180282534
FABIO,2024-08-12,0.01539091563606749,0.00011117670599379304
EMILIA,2024-08-02,-0.01871981710869421,-0.0001288599927745377
EMILIA,2024-08-03,-0.0173725985320111,-0.00012570485195493637
EMILIA,2024-08-04,-0.01658836978553326,-0.00012302759241978193
EMILIA,2024-08-05,-0.016318058442850142,-0.00012098575822680965
EMILIA,2024-08-06,-0.015675148723094893,-0.00011967967960082688
EMILIA,2024-08-07,-0.012796297555360419,-0.0001190957075545268
EMILIA,2024-08-08,-0.011174160455680432,-0.00011914472709351224
EMILIA,2024-08-09,-0.011530126496278317,-0.00011954091920076896
EMILIA,2024-08-10,-0.012810744941172075,-0.00011995480492303759
EMILIA,2024-08-11,-0.012589342642036021,-0.00011992326218893479
EMILIA,2024-08-12,-0.012414806040918299,-0.00011897681006498332
EMILIA,2024-08-13,-0.011509189084927117,-0.00011677621501158584
GILMA,2024-08-18,-0.03216942160767609,-3.844647258241854e-05
GILMA,2024-08-19,-0.03102365793070298,-3.518013991166542e-05
GILMA,2024-08-20,-0.03003014194119101,-2.9334649822914046e-05
GILMA,2024-08-21,-0.02918871746121328,-2.129489084653972e-05
GILMA,2024-08-22,-0.028643177721173214,-1.2384568204217539e-05
GILMA,2024-08-23,-0.026896509810862043,-4.540859000943866e-06
GILMA,2024-08-24,-0.026604672862175677,5.028535815629013e-07
GILMA,2024-08-25,-0.0269846321959909,1.708536945965125e-06
GILMA,2024-08-26,-0.02727773333342277,-1.1587950449704002e-06
GILMA,2024-08-27,-0.02686775577797248,-7.2903939370129825e-06
GILMA,2024-08-28,-0.027877240712188806,-1.4994882268551205e-05
GILMA,2024-08-29,-0.0287788419607646,-2.2065361925637483e-05
HONE,2024-08-22,-2.7909009112634763e-05,-1.56632275093257e-05
HONE,2024-08-23,-6.56471841988525e-05,-1.5663796800240516e-05
HONE,2024-08-24,-8.583894833742947e-05,-1.5440883080208094e-05
HONE,2024-08-25,-6.747517037839144e-05,-1.5073141776071661e-05
HONE,2024-08-26,-5.419209568593122e-05,-1.4669763134062241e-05
HONE,2024-08-27,-5.722171257877757e-05,-1.4287190446174192e-05
HONE,2024-08-28,-6.491820332281933e-05,-1.3967381677712797e-05
HONE,2024-08-29,-7.839890934428956e-05,-1.3719425728611822e-05
HONE,2024-08-30,-2.5710517285143315e-05,-1.3478389341055444e-05
HONE,2024-08-31,1.0229386731336526e-05,-1.3190604681720654e-05
HONE,2024-09-01,1.26235281778861e-05,-1.283058163948603e-05
HONE,2024-09-02,1.0175006932330801e-05,-1.2348258135806092e-05
HECTOR,2024-08-20,-0.005075368610110732,-3.494739658095871e-05
HECTOR,2024-08-21,-0.003941051353123444,-3.1116646011125593e-05
HECTOR,2024-08-22,-0.003551787410381209,-2.87087418815371e-05
HECTOR,2024-08-23,-0.003536190818757072,-2.7745261216776013e-05
HECTOR,2024-08-24,-0.003632636960947354,-2.8095644208705723e-05
HECTOR,2024-08-25,-0.0034206481905062966,-2.9555083174720262e-05
HECTOR,2024-08-26,-0.0035593773591096477,-3.1820966601125506e-05
HECTOR,2024-08-27,-0.004108039313829903,-3.456848171330706e-05
HECTOR,2024-08-28,-0.0049377191792907785,-3.731721891910456e-05
HECTOR,2024-08-29,-0.005157211839525107,-3.979507321448036e-05
HECTOR,2024-08-30,-0.005756005177125383,-4.182405088259634e-05
HECTOR,2024-08-31,-0.006450514615502296,-4.322610771314976e-05
ILEANA,2024-09-09,0.07121701191891862,-0.00022279077869917315
ILEANA,2024-09-10,0.06661786777218733,-8.904517821393998e-05
ILEANA,2024-09-11,0.06365701609654603,3.297209309744575e-05
ILEANA,2024-09-12,0.06086474536629995,0.00013165995432602658
ILEANA,2024-09-13,0.06053800531930327,0.00019835278639805876
ILEANA,2024-09-14,0.045282790136028005,0.00022460813223122635
ILEANA,2024-09-15,0.022011747006422618,0.0002045410176822986
ILEANA,2024-09-16,0.016177746378135037,0.00013584080680388659
ILEANA,2024-09-17,0.020233345937965348,2.179668309357614e-05
ILEANA,2024-09-18,0.027226782333485623,-0.00012878830203218086
ILEANA,2024-09-19,0.0384011644341202,-0.00030279699455228876
ILEANA,2024-09-20,0.05194689246743116,-0.00048061684512236224
JOHN,2024-09-19,-0.010033848651874636,0.0013077527781416441
JOHN,2024-09-20,-0.0030527612309729437,0.0012940698288730532
JOHN,2024-09-21,0.010262193688821565,0.0012555122018027348
JOHN,2024-09-22,0.0123319329415963,0.0011749042896388464
JOHN,2024-09-23,0.015143104702099121,0.0010381942385470028
JOHN,2024-09-24,0.023149712191306068,0.0008508633563799018
JOHN,2024-09-25,0.02932846033483913,0.0006211769080538792
JOHN,2024-09-26,0.024862148128698646,0.00036157037640405785
JOHN,2024-09-27,0.015384704796195211,9.795737119186597e-05
JOHN,2024-09-28,0.01104140380344872,-0.00014342776368052662
JOHN,2024-09-29,0.0087148196823518,-0.00034703147245052963
JOHN,2024-09-30,0.007511443215110371,-0.0005006982665013609
LANE,2024-10-28,-1.5261362342674985e-15,0.0
LANE,2024-10-29,-1.5570714282053533e-15,-4.1262644353083634e-18
LANE,2024-10-30,-1.588006622143208e-15,-4.1262644353083634e-18
LANE,2024-10-31,-1.680812203956772e-15,0.0
LANE,2024-11-01,-1.5776948908305898e-15,0.0
LANE,2024-11-02,-1.5570714282053533e-15,4.1262644353083634e-18
LANE,2024-11-03,-1.5055127716422622e-15,2.0631322176541817e-18
LANE,2024-11-04,-1.5673831595179715e-15,0.0
LANE,2024-11-05,-1.546759696892735e-15,0.0
LANE,2024-11-06,-1.4848893090170257e-15,-2.0631322176541817e-18
LANE,2024-11-07,-1.6498770100189175e-15,0.0
LANE,2024-11-08,-1.5261362342674985e-15,-2.0631322176541817e-18
EWINIAR,2024-05-17,-0.1833086301057113,-0.0005241417766373489
EWINIAR,2024-05-18,-0.18230488385980576,-0.0005841377948456084
EWINIAR,2024-05-19,-0.18280212549896965,-0.0006333573246725537
EWINIAR,2024-05-20,-0.18176834903615494,-0.0006630298064486325
EWINIAR,2024-05-21,-0.18015612757913638,-0.0006651131688543866
EWINIAR,2024-05-22,-0.17969401724863335,-0.0006353139084279703
EWINIAR,2024-05-23,-0.1794505651594738,-0.0005753788452012731
EWINIAR,2024-05-24,-0.17999217954655886,-0.0004924709399938335
EWINIAR,2024-05-25,-0.1802434514088815,-0.0003974802871264432
EWINIAR,2024-05-26,-0.18064705903559852,-0.0003034242359324427
EWINIAR,2024-05-27,-0.18051695431086048,-0.00022260004508695724
EWINIAR,2024-05-28,-0.17933420987270507,-0.00016379784897671052
EWINIAR,2024-05-29,-0.17682430175657027,-0.00013094042953351291
EWINIAR,2024-05-30,-0.1749600048228127,-0.0001225403742063907
EWINIAR,2024-05-31,-0.17171850338650463,-0.000134312164058986
EWINIAR,2024-06-01,-0.1700763715495675,-0.00016018075940724702
EWINIAR,2024-06-02,-0.16864811222472192,-0.00019426532599516852
EWINIAR,2024-06-03,-0.16814433855114233,-0.00023081584941655526
EWINIAR,2024-06-04,-0.16654871639936744,-0.00026286306898990744
EWINIAR,2024-06-05,-0.16278087129216035,-0.00028498743742031357
GAEMI,2024-07-18,-0.013785957422766469,-0.0013869388531210435
GAEMI,2024-07-19,-0.014317724199856764,-0.0011991674330769817
GAEMI,2024-07-20,-0.017567342474834612,-0.0010761427131155024
GAEMI,2024-07-21,-0.017773805958485562,-0.001056257992058338
GAEMI,2024-07-22,-0.01572044799035105,-0.0011583092800977778
GAEMI,2024-07-23,-0.015469572759395348,-0.0013749428687171688
GAEMI,2024-07-24,-0.010126528217240518,-0.0016724897211163497
GAEMI,2024-07-25,-0.0071232962993489956,-0.0020022015787333224
GAEMI,2024-07-26,-0.011910710379203248,-0.0023083669749306705
GAEMI,2024-07-27,-0.01899161069343282,-0.0025448355877664454
GAEMI,2024-07-28,-0.021673026315137057,-0.0026837993249971682
GAEMI,2024-07-29,-0.025254385859762276,-0.0027179905282276907
PRAPIROON,2024-07-15,-0.010641778569034952,-0.002594378670381213
PRAPIROON,2024-07-16,-0.012038395690068027,-0.0025873442804256034
PRAPIROON,2024-07-17,-0.007264495468366144,-0.002554554356530564
PRAPIROON,2024-07-18,-0.001420868480099519,-0.0025025607536169818
PRAPIROON,2024-07-19,-0.0020395333482151876,-0.002448269703331031
PRAPIROON,2024-07-20,-0.003708450392281301,-0.002419615417315832
PRAPIROON,2024-07-21,-0.0048357953949532085,-0.002446790935634158
PRAPIROON,2024-07-22,-0.005442756772275179,-0.002549088662668027
PRAPIROON,2024-07-23,-0.006096510874774233,-0.0027342158800835433
PRAPIROON,2024-07-24,0.00025288102080520434,-0.0029948063548063558
PRAPIROON,2024-07-25,0.00797234605627421,-0.003304782513716807
PRAPIROON,2024-07-26,0.008367317758037965,-0.003626954796873096
MARIA,2024-08-04,-0.02039404490115361,9.095456469001045e-05
MARIA,2024-08-05,-0.020153274292046348,0.00012396661186612513
MARIA,2024-08-06,-0.01831070859085584,0.00015593895618586928
MARIA,2024-08-07,-0.01265283026838932,0.0001836870675343226
MARIA,2024-08-08,-0.00555199196394311,0.00020408555140811582
MARIA,2024-08-09,-0.002116503514367471,0.00022009976683915608
MARIA,2024-08-10,-0.004571710812574343,0.00023936706745564986
MARIA,2024-08-11,-0.016706859115045932,0.0002729403344022832
MARIA,2024-08-12,-0.019456159717014015,0.0003284404662117596
MARIA,2024-08-13,-0.015586359173725074,0.00040205319564139353
MARIA,2024-08-14,-0.010907315949204688,0.00048534315377633266
MARIA,2024-08-15,-0.004934702375149256,0.000567297168143956
SON-TINH,2024-08-09,-0.34629373365590277,-0.0016203698347143915
SON-TINH,2024-08-10,-0.3438157654741493,-0.0016549000912215405
SON-TINH,2024-08-11,-0.3462934419571292,-0.0016958044494609767
SON-TINH,2024-08-12,-0.35263208474027696,-0.001742392935365195
SON-TINH,2024-08-13,-0.35823829418143094,-0.0017936449951547243
SON-TINH,2024-08-14,-0.3655546189368914,-0.0018486712995722547
SON-TINH,2024-08-15,-0.3730817498149734,-0.0019070088958508984
SON-TINH,2024-08-16,-0.3756201121771463,-0.0019699378516759717
SON-TINH,2024-08-17,-0.37373761901275393,-0.002041295676717834
SON-TINH,2024-08-18,-0.37043444078806165,-0.0021248380202661455
SON-TINH,2024-08-19,-0.3670728131860017,-0.0022205787770159984
SON-TINH,2024-08-20,-0.3651528093181906,-0.0023222662010898764
AMPIL,2024-08-11,-0.379078607226919,-0.0012373363492236766
AMPIL,2024-08-12,-0.38268125766766026,-0.0012618256344899105
AMPIL,2024-08-13,-0.3837553828942001,-0.0012902027947756093
AMPIL,2024-08-14,-0.3874672619688925,-0.0013240371999395687
AMPIL,2024-08-15,-0.3900279571553292,-0.0013663942347240693
AMPIL,2024-08-16,-0.39367266794032096,-0.001421633925215813
AMPIL,2024-08-17,-0.3963523456981462,-0.0014952165762182783
AMPIL,2024-08-18,-0.3927509061586756,-0.001590044364372181
AMPIL,2024-08-19,-0.3877456951115654,-0.0017033872945447066
AMPIL,2024-08-20,-0.3837796561862779,-0.0018246789707691779
AMPIL,2024-08-21,-0.38330924669637406,-0.0019369121900318054
AMPIL,2024-08-22,-0.38436276540730163,-0.0020236115669684256
JONGDARI,2024-08-15,-0.15685673152870222,0.0007522375900236217
JONGDARI,2024-08-16,-0.15072523587855605,0.0010702276122737642
JONGDARI,2024-08-17,-0.14723500058195604,0.0012632947451688063
JONGDARI,2024-08-18,-0.1363702352235284,0.0013075371843782335
JONGDARI,2024-08-19,-0.13211191534054506,0.0012009322520756813
JONGDARI,2024-08-20,-0.13674057143454274,0.0009707655505063556
JONGDARI,2024-08-21,-0.1417628348749425,0.0006605725374252517
JONGDARI,2024-08-22,-0.14590815863507517,0.00031889209887773535
JONGDARI,2024-08-23,-0.15459754622743904,-3.95536986682259e-06
JONGDARI,2024-08-24,-0.15239833946524586,-0.0002692560871652415
JONGDARI,2024-08-25,-0.14641522784876596,-0.00046148612037239656
JONGDARI,2024-08-26,-0.14238108370415126,-0.0005864615455402765
SHANSHAN,2024-08-17,0.008630034876215461,-0.0002872228462437532
SHANSHAN,2024-08-18,0.008152651363733958,-0.0003182893181787949
SHANSHAN,2024-08-19,0.005559178282360097,-0.0003468254636423228
SHANSHAN,2024-08-20,0.0017110156244413413,-0.00036617545757402625
SHANSHAN,2024-08-21,0.0009778539442948928,-0.00037305269694790745
SHANSHAN,2024-08-22,0.0020759727243327168,-0.00037135074241950077
SHANSHAN,2024-08-23,0.0036229804711390102,-0.00036498673637145305
SHANSHAN,2024-08-24,0.005171325685531168,-0.0003592032701778523
SHANSHAN,2024-08-25,0.0070261369140616784,-0.00036000679907187107
SHANSHAN,2024-08-26,0.007162219708258251,-0.0003713193590977305
SHANSHAN,2024-08-27,0.0061171641211059955,-0.0003947273437502616
SHANSHAN,2024-08-28,0.0005083314773884065,-0.0004308551013178469
SHANSHAN,2024-08-29,-0.006919098675684808,-0.0004739821282267876
SHANSHAN,2024-08-30,-0.009498755630889748,-0.0005172362610260086
SHANSHAN,2024-08-31,-0.010312174982292817,-0.0005574962533947667
SHANSHAN,2024-09-01,-0.009341797431010272,-0.000589415697571251
SHANSHAN,2024-09-02,-0.007940621661139562,-0.0006061285975748894
SHANSHAN,2024-09-03,-0.00852789265846584,-0.0006058516976629589
SHANSHAN,2024-09-04,-0.010245326324549891,-0.000590149885939479
SHANSHAN,2024-09-05,-0.00887195135029409,-0.0005630108541922432
YAGI,2024-08-30,-0.002631727616300583,-0.004176764758136971
YAGI,2024-08-31,-0.003711401400876438,-0.00413314714721453
YAGI,2024-09-01,-0.00701826143510677,-0.004091459686463825
YAGI,2024-09-02,-0.010405971176134374,-0.004058890246730687
YAGI,2024-09-03,-0.011094265396881364,-0.004033608412038465
YAGI,2024-09-04,-0.009439036325158518,-0.004000152877822077
YAGI,2024-09-05,-0.010164457951088784,-0.003940541522815158
YAGI,2024-09-06,-0.013111178336446198,-0.0038493108398536067
YAGI,2024-09-07,-0.015166228357461474,-0.003740707476013875
YAGI,2024-09-08,-0.016907678826095337,-0.00364567247041368
YAGI,2024-09-09,-0.012634622597290394,-0.0035987311438416955
YAGI,2024-09-10,-0.011222696010316077,-0.003628322494721207
LEEPI,2024-08-31,-0.28415877360037284,-0.0011647440609366916
LEEPI,2024-09-01,-0.28935861099484317,-0.00112114949778917
LEEPI,2024-09-02,-0.2946031362679998,-0.0010915756486709633
LEEPI,2024-09-03,-0.298415586907414,-0.0010823425427158803
LEEPI,2024-09-04,-0.29993683960901163,-0.0010972386009652114
LEEPI,2024-09-05,-0.3015730716419753,-0.0011343149477565182
LEEPI,2024-09-06,-0.30026602424900317,-0.001185517668290234
LEEPI,2024-09-07,-0.3020148378120922,-0.0012402451101284607
LEEPI,2024-09-08,-0.3032098337012826,-0.0012916921612601856
LEEPI,2024-09-09,-0.30214602917709227,-0.0013412465719804924
LEEPI,2024-09-10,-0.30085639540817555,-0.0013964711197797003
LEEPI,2024-09-11,-0.30135191758051494,-0.0014666282692030411
BEBINCA,2024-09-08,-0.03811779498607097,0.0007465727213178544
BEBINCA,2024-09-09,-0.03654931075162691,0.0009648457863275469
BEBINCA,2024-09-10,-0.03561121525467519,0.0011536160698657144
BEBINCA,2024-09-11,-0.034466159253271976,0.0012966628886250564
BEBINCA,2024-09-12,-0.03297161748300784,0.0013865413398412782
BEBINCA,2024-09-13,-0.03223167697530293,0.0014270291949017137
BEBINCA,2024-09-14,-0.03244684566744228,0.0014332971674718223
BEBINCA,2024-09-15,-0.03673390932598488,0.0014290218580650178
BEBINCA,2024-09-16,-0.039385540194792595,0.0014376649466563939
BEBINCA,2024-09-17,-0.03730213726787523,0.0014767991096056254
BEBINCA,2024-09-18,-0.033840637564333954,0.0015541255581153501
BEBINCA,2024-09-19,-0.0323658105643527,0.0016611160003181524
PULASAN,2024-09-14,-0.1671009473041316,-8.156126781892955e-06
PULASAN,2024-09-15,-0.17099169787972499,-6.776837549578946e-05
PULASAN,2024-09-16,-0.17386668570509817,-0.00011004886106534929
PULASAN,2024-09-17,-0.17390840607802543,-0.0001253331633217053
PULASAN,2024-09-18,-0.1733305001475188,-0.00011211144929170403
PULASAN,2024-09-19,-0.17239132445142136,-7.742901994129741e-05
PULASAN,2024-09-20,-0.1777328774156175,-3.230631801448104e-05
PULASAN,2024-09-21,-0.18603115949435706,1.0802330481081138e-05
PULASAN,2024-09-22,-0.1894851526024376,4.0440719419670726e-05
PULASAN,2024-09-23,-0.19192932504487464,5.124561352071908e-05
PULASAN,2024-09-24,-0.19278417320940905,4.422446867153174e-05
PULASAN,2024-09-25,-0.19425105958380656,2.361156566676458e-05
UNNAMED,2024-09-15,-0.027611358392264588,-0.00045028766518800256
UNNAMED,2024-09-16,-0.026430597527983147,-0.00033931821287823784
UNNAMED,2024-09-17,-0.023293657139664168,-0.00022950094028622241
UNNAMED,2024-09-18,-0.02820281064949388,-0.00012546438302579228
UNNAMED,2024-09-19,-0.02907865786203184,-3.54359055553986e-05
UNNAMED,2024-09-20,-0.0317147875225174,3.1288898840262605e-05
UNNAMED,2024-09-21,-0.028329955818707748,6.329704201986904e-05
UNNAMED,2024-09-22,-0.014529176622775286,5.579227744768706e-05
UNNAMED,2024-09-23,-0.021020999463768814,1.5624526801231325e-05
UNNAMED,2024-09-24,-0.0283516773415164,-4.225849305747611e-05
UNNAMED,2024-09-25,-0.030296796997505843,-8.664453319694166e-05
UNNAMED,2024-09-26,-0.03257024277482642,-7.851369404198106e-05
CIMARON,2024-09-21,0.014837215824357559,-0.0005210354522554201
CIMARON,2024-09-22,-0.015104865248789696,-0.00047526555772174357
CIMARON,2024-09-23,-0.024760263516457794,-0.0004344978168973192
CIMARON,2024-09-24,-0.03360158943056465,-0.00038990950276509667
CIMARON,2024-09-25,-0.03393492576581778,-0.0003431806277622268
CIMARON,2024-09-26,-0.03906705889172972,-0.0003015999693570498
CIMARON,2024-09-27,-0.04577400081478088,-0.00026590339392590915
CIMARON,2024-09-28,-0.059901197375690426,-0.00023979523569577177
CIMARON,2024-09-29,-0.061848696087513026,-0.0002207290235810861
CIMARON,2024-09-30,-0.056604291524925264,-0.00020521005023817446
CIMARON,2024-10-01,-0.054091914848477994,-0.00019907000710590555
CIMARON,2024-10-02,-0.05620422069474814,-0.00020447595400489342
JEBI,2024-09-23,-0.1277560994160108,0.0002579426503128661
JEBI,2024-09-24,-0.12847436262650366,0.00022510539318471235
JEBI,2024-09-25,-0.12935054378065933,0.0002020496593675229
JEBI,2024-09-26,-0.12876772354009625,0.00019021515491386804
JEBI,2024-09-27,-0.12884538589892952,0.00018412730141508906
JEBI,2024-09-28,-0.12975825551500625,0.00017514805733482783
JEBI,2024-09-29,-0.1311107655985604,0.00015671741080223062
JEBI,2024-09-30,-0.1310582333888122,0.00012721756493868543
JEBI,2024-10-01,-0.133043834398748,8.853861337951826e-05
JEBI,2024-10-02,-0.13603280430690443,4.767715379318501e-05
JEBI,2024-10-03,-0.1438822492653711,1.4472206501282468e-05
JEBI,2024-10-04,-0.14620337529219365,-1.6321101165075666e-06
KRATHON,2024-09-24,-0.0065700859902670826,0.0010964127306519766
KRATHON,2024-09-25,-0.007745441529267302,0.001169970784891778
KRATHON,2024-09-26,-0.008720656679491118,0.0012045693026743961
KRATHON,2024-09-27,-0.01476055288732702,0.001181010637517804
KRATHON,2024-09-28,-0.013285618748544909,0.0010928136990569284
KRATHON,2024-09-29,-0.018218068767150198,0.0009544107865663914
KRATHON,2024-09-30,-0.01769382948917313,0.0007849660134738455
KRATHON,2024-10-01,-0.016786770264178377,0.0006119575351481456
KRATHON,2024-10-02,-0.019135810881109667,0.0004621926843755043
KRATHON,2024-10-03,-0.023225122723282914,0.0003520852427301647
KRATHON,2024-10-04,-0.023461068514469663,0.00028308485857780614
KRATHON,2024-10-05,-0.024447079299389628,0.0002509958744697384
BARIJAT,2024-10-04,-0.09012734727885048,-3.36898438183981e-05
BARIJAT,2024-10-05,-0.09018352125518436,-3.105442051848863e-05
BARIJAT,2024-10-06,-0.09077984536760109,-2.1607125842772494e-05
BARIJAT,2024-10-07,-0.09049905318673156,-9.02738260562437e-06
BARIJAT,2024-10-08,-0.09052007624607533,2.293665125769001e-06
BARIJAT,2024-10-09,-0.09211273836917992,8.991913432922874e-06
BARIJAT,2024-10-10,-0.09338702713849177,9.908457585121118e-06
BARIJAT,2024-10-11,-0.09435334364910512,6.42371012797373e-06
BARIJAT,2024-10-12,-0.09465243319668054,1.287850882869048e-06
BARIJAT,2024-10-13,-0.0955249281375462,-1.8309707936258347e-06
BARIJAT,2024-10-14,-0.09524076027973659,-2.1169237132639697e-08
BARIJAT,2024-10-15,-0.09556042966651834,7.717531334611563e-06
TRAMI,2024-10-18,-0.02850532009851045,0.00037069344562781477
TRAMI,2024-10-19,-0.02658801549410552,0.000407671709601588
TRAMI,2024-10-20,-0.024616086596224978,0.0004848589332958529
TRAMI,2024-10-21,-0.02416387372495862,0.0006221708534415614
TRAMI,2024-10-22,-0.026682120585035853,0.0008282913541134881
TRAMI,2024-10-23,-0.025704580911263125,0.0010956888909492194
TRAMI,2024-10-24,-0.02668262236210839,0.0013970869885753755
TRAMI,2024-10-25,-0.028239513048642244,0.0016867282573533584
TRAMI,2024-10-26,-0.02610191259659204,0.0019164537288149368
TRAMI,2024-10-27,-0.027177355470502665,0.0020488090246568212
TRAMI,2024-10-28,-0.03352655061245856,0.002067451600601341
TRAMI,2024-10-29,-0.035919880459131394,0.0019828651678328348
KONG-REY,2024-10-23,-0.12901425323914864,0.0019616519382902476
KONG-REY,2024-10-24,-0.13015892699222817,0.002001083182041061
KONG-REY,2024-10-25,-0.12903911513485977,0.0020270861950918533
KONG-REY,2024-10-26,-0.12899194458850666,0.0020428513256883747
KONG-REY,2024-10-27,-0.13036544037379902,0.002051103350812217
KONG-REY,2024-10-28,-0.13272423360640467,0.002055018703121828
KONG-REY,2024-10-29,-0.1350036296735232,0.0020598635025797707
KONG-REY,2024-10-30,-0.13620417187229925,0.002069301469181044
KONG-REY,2024-10-31,-0.13668522629116842,0.0020829728705449857
KONG-REY,2024-11-01,-0.13762530309432217,0.002101619319663418
KONG-REY,2024-11-02,-0.13817784446259515,0.002124174479355313
KONG-REY,2024-11-03,-0.13959151175885023,0.002147412802425533
YINXING,2024-11-02,-0.011021494323329472,0.0018185098188425268
YINXING,2024-11-03,-0.012615223887952939,0.0018616911604738089
YINXING,2024-11-04,-0.013580229062431526,0.0019810651646060104
YINXING,2024-11-05,-0.014601622915200374,0.002154391719959424
YINXING,2024-11-06,-0.012546789769423502,0.0023495919142716023
YINXING,2024-11-07,-0.011609859073052183,0.0025330263316150087
YINXING,2024-11-08,-0.00909435143075336,0.0026829514794248104
YINXING,2024-11-09,-0.010655616510148543,0.0027874122984255737
YINXING,2024-11-10,-0.012761347155403537,0.002846823122804641
YINXING,2024-11-11,-0.013642692180522087,0.0028686647862274737
YINXING,2024-11-12,-0.013252945769568212,0.002858654854028306
YINXING,2024-11-13,-0.010667864920035621,0.0028217637052708904
TORAJI,2024-11-06,-0.05056202292408161,0.0013647272753873664
TORAJI,2024-11-07,-0.05252018652659111,0.001401269597302548
TORAJI,2024-11-08,-0.052003235904241524,0.0013916250785391752
TORAJI,2024-11-09,-0.055040124931464776,0.0013370037961095709
TORAJI,2024-11-10,-0.055060524718625534,0.0012570238544336015
TORAJI,2024-11-11,-0.05495997049598052,0.0011801856391854845
TORAJI,2024-11-12,-0.05537901897390498,0.001130728771766453
TORAJI,2024-11-13,-0.05460355641804045,0.001121499461799666
TORAJI,2024-11-14,-0.05653032245501425,0.001152817222239145
TORAJI,2024-11-15,-0.057034588276903754,0.0012133964827743943
TORAJI,2024-11-16,-0.05621050425104684,0.0012818775909655034
TORAJI,2024-11-17,-0.057684777057985706,0.0013340377280597188
MAN-YI,2024-11-04,-0.07484938142251864,0.0012599914691479935
MAN-YI,2024-11-05,-0.07681824043618087,0.001276806998912144
MAN-YI,2024-11-06,-0.07760547704716605,0.001272346406805339
MAN-YI,2024-11-07,-0.07799355939043648,0.0012395675971345378
MAN-YI,2024-11-08,-0.07660565844406977,0.0011815313294054825
MAN-YI,2024-11-09,-0.07625311570355316,0.0011095894416961098
MAN-YI,2024-11-10,-0.07618026759474883,0.0010412681879332162
MAN-YI,2024-11-11,-0.07523010205754699,0.0009919267539688541
MAN-YI,2024-11-12,-0.07443189938396667,0.000968555140333947
MAN-YI,2024-11-13,-0.07334829818412651,0.0009681822390979327
MAN-YI,2024-11-14,-0.0736175564060073,0.0009828244887705707
MAN-YI,2024-11-15,-0.07438798675254227,0.0010040731660450853
MAN-YI,2024-11-16,-0.07437448605197329,0.0010233812871354082
MAN-YI,2024-11-17,-0.07639308954611394,0.0010330626820762234
MAN-YI,2024-11-18,-0.07864703091193269,0.0010547336241567263
MAN-YI,2024-11-19,-0.08061098654370555,0.0010442369013882943
MAN-YI,2024-11-20,-0.08209805574093025,0.001010812716894812
MAN-YI,2024-11-21,-0.08098027876799431,0.0009465639197847448
MAN-YI,2024-11-22,-0.08190609713834864,0.0008444625445178294
MAN-YI,2024-11-23,-0.08352658500854579,0.0007035395887256334
USAGI,2024-11-07,-0.014557334976181802,0.0002385718723343701
USAGI,2024-11-08,-0.013261236106399689,0.00021489518059265468
USAGI,2024-11-09,-0.01332258299201459,0.0001810101710361156
USAGI,2024-11-10,-0.012344996286284856,0.00014504615622624613
USAGI,2024-11-11,-0.012342209775099632,0.0001180458872307105
USAGI,2024-11-12,-0.0120683158876979,0.00010835027174105124
USAGI,2024-11-13,-0.012253088357832783,0.00011815385822654348
USAGI,2024-11-14,-0.013771230670074146,0.00014326601429774953
USAGI,2024-11-15,-0.014304011789385652,0.00017549726751385294
USAGI,2024-11-16,-0.014034853463188527,0.0002048748580327547
USAGI,2024-11-17,-0.014339822003600072,0.00022177604736740674
USAGI,2024-11-18,-0.013718625419322311,0.00022653258560895482
REMAL,2024-05-20,0.01672908568330284,-0.0006845513203826729
REMAL,2024-05-21,0.028503221398010873,-0.0003331690800190452
REMAL,2024-05-22,0.02729587573140832,0.00022463851057547904
REMAL,2024-05-23,0.024231099968509008,0.0009903835653679344
REMAL,2024-05-24,0.026794874125458962,0.0018891256591835358
REMAL,2024-05-25,0.03831541019276365,0.0027741991383984444
REMAL,2024-05-26,0.044549613261927815,0.0034654726316126175
REMAL,2024-05-27,-0.01751232365959082,0.0038129008318801725
REMAL,2024-05-28,-0.0077487043200529255,0.00375545148174361
REMAL,2024-05-29,-0.003580424213932063,0.003327494921805948
REMAL,2024-05-30,-0.01008692802689566,0.0026733631801879997
REMAL,2024-05-31,-0.008889784964754253,0.0020174696732527878
ASNA,2024-08-24,0.12387242656427826,-0.0009087128078713629
ASNA,2024-08-25,0.13535629593232182,-0.0010445860195687025
ASNA,2024-08-26,0.13226788379772458,-0.0013578698789503774
ASNA,2024-08-27,0.14001454875763483,-0.0017444374066135982
ASNA,2024-08-28,0.16215332563145612,-0.002101546719653832
ASNA,2024-08-29,0.14303416787032733,-0.0023563394817657157
ASNA,2024-08-30,0.12488141191841878,-0.0024826096379707502
ASNA,2024-08-31,0.11251713906563823,-0.00250688756927558
ASNA,2024-09-01,0.11448465021595033,-0.0024912337416176794
ASNA,2024-09-02,0.11155462444668075,-0.0024960378503765014
ASNA,2024-09-03,0.11179274228057653,-0.002559465898753364
ASNA,2024-09-04,0.10094007638683128,-0.002683974316799471
DANA,2024-10-18,0.015607264893285637,-0.00014235205325568228
DANA,2024-10-19,0.01623505774380517,-0.00020126600641665157
DANA,2024-10-20,0.013284422767304904,-0.0002606275942592685
DANA,2024-10-21,0.00572353734625006,-0.0003170028710217067
DANA,2024-10-22,0.010282532245023587,-0.00036482027792214934
DANA,2024-10-23,0.007426973956198426,-0.0003964751970102636
DANA,2024-10-24,-0.0007935505109136839,-0.00040718647736351295
DANA,2024-10-25,-0.0061117902628061134,-0.0004042642892687666
DANA,2024-10-26,-0.0025543546346540953,-0.00039163331220852017
DANA,2024-10-27,-3.996544329937037e-05,-0.00037266375964678164
DANA,2024-10-28,0.00025063439308779524,-0.00035103011174747337
DANA,2024-10-29,0.00021657840689033868,-0.0003321266329351336
FENGAL,2024-11-23,-0.01753700883866682,-0.0002951647445747778
FENGAL,2024-11-24,-0.014083273452087174,-0.0002522889165539375
FENGAL,2024-11-25,-0.01277020449741751,-0.0003181215491819636
FENGAL,2024-11-26,-0.010709390549703657,-0.0005087189583544464
FENGAL,2024-11-27,-0.020791559193713057,-0.0008172011944088941
FENGAL,2024-11-28,-0.023336587959384144,-0.0012072121559131511
FENGAL,2024-11-29,-0.023007827627914302,-0.0016207088009335862
FENGAL,2024-11-30,-0.027154563621925955,-0.0019896068822301046
FENGAL,2024-12-01,-0.025920840647858084,-0.002254703931684137
FENGAL,2024-12-02,-0.021489695034099098,-0.002375748067096971
FENGAL,2024-12-03,-0.02009310406216304,-0.002345820970072544
FENGAL,2024-12-04,-0.019208633146755128,-0.0021975375750460666
ALVARO,2024-01-01,0.1832557036437671,0.0011583743162020324
ALVARO,2024-01-02,0.18151168372997453,0.0012509417955167857
ALVARO,2024-01-03,0.18110463845125604,0.00134609758747926
ALVARO,2024-01-04,0.179049277447267,0.001412123976292281
ALVARO,2024-01-05,0.17678608515288288,0.0014321852958851158
ALVARO,2024-01-06,0.17899168706980384,0.0014045386480459497
ALVARO,2024-01-07,0.1794320103600041,0.0013353660353111313
ALVARO,2024-01-08,0.18138740591920346,0.0012425118414833155
BELAL,2024-01-08,0.04519076090350185,0.0012281517625589364
BELAL,2024-01-09,0.043826287986126464,0.0012249563300349912
BELAL,2024-01-10,0.042729163764935935,0.0012168722793835655
BELAL,2024-01-11,0.0438863859922811,0.0012032567278377727
BELAL,2024-01-12,0.04326319773484421,0.0011850805151531012
BELAL,2024-01-13,0.042189883578431654,0.0011640847009708243
BELAL,2024-01-14,0.04250514596179831,0.0011434814761264068
BELAL,2024-01-15,0.040496790105959385,0.0011257382434069077
BELAL,2024-01-16,0.04185157671559784,0.0011123127407210156
BELAL,2024-01-17,0.0438166541600091,0.0011035759829362923
BELAL,2024-01-18,0.045767995567575624,0.0010982927498434342
BELAL,2024-01-19,0.04373079943641447,0.0010931609817674244
BELAL,2024-01-20,0.039575617547668425,0.0010860619522619316
BELAL,2024-01-21,0.0370047938716897,0.0010767830125063035
BELAL,2024-01-22,0.03643190704301625,0.0010667470608858275
BELAL,2024-01-23,0.03608145557553833,0.0010589320902775956
BELAL,2024-01-24,0.035219156777482344,0.0010554174657658982
BELAL,2024-01-25,0.034476540823541874,0.0010576680658536627
BELAL,2024-01-26,0.034003279254976704,0.001065464765397075
BELAL,2024-01-27,0.033529394833806986,0.0010735852750202992
ANGGREK,2024-01-11,1.430058103324481e-15,5.425042272030489e-17
ANGGREK,2024-01-12,1.4656612096313146e-15,5.2038339975693526e-17
ANGGREK,2024-01-13,1.43599195437562e-15,5.1857021717938496e-17
ANGGREK,2024-01-14,1.4241242522733423e-15,5.076911217140831e-17
ANGGREK,2024-01-15,1.4181904012222033e-15,5.084163947451033e-17
ANGGREK,2024-01-16,1.4834627627847314e-15,5.062405756520429e-17
ANGGREK,2024-01-17,1.43599195437562e-15,4.9173511503164054e-17
ANGGREK,2024-01-18,1.441925805426759e-15,4.8810874987653995e-17
ANGGREK,2024-01-19,1.4656612096313146e-15,4.859329307834796e-17
ANGGREK,2024-01-20,1.4241242522733423e-15,4.772296544112382e-17
ANGGREK,2024-01-21,1.430058103324481e-15,4.678011050079766e-17
ANGGREK,2024-01-22,1.430058103324481e-15,4.707021971320571e-17
ANGGREK,2024-01-23,1.4478596564778979e-15,4.736032892561376e-17
ANGGREK,2024-01-24,1.43599195437562e-15,4.786802004732784e-17
ANGGREK,2024-01-25,1.4241242522733423e-15,4.736032892561376e-17
ANGGREK,2024-01-26,1.43599195437562e-15,4.82306565628379e-17
ANGGREK,2024-01-27,1.441925805426759e-15,4.801307465353186e-17
ANGGREK,2024-01-28,1.43599195437562e-15,4.8484502123694943e-17
ANGGREK,2024-01-29,1.4122565501710643e-15,4.8810874987653995e-17
ANGGREK,2024-01-30,1.4715950606824536e-15,4.891966594230701e-17
ANGGREK,2024-01-31,1.43599195437562e-15,4.910098420006204e-17
ANGGREK,2024-02-01,1.4478596564778979e-15,4.902845689696003e-17
CANDICE,2024-01-20,0.002963907840198232,4.926469128620543e-05
CANDICE,2024-01-21,0.0027769321210476105,4.737115187102656e-05
CANDICE,2024-01-22,0.0027164222315956103,4.49252355438785e-05
CANDICE,2024-01-23,0.0026570042937774175,4.225917426818324e-05
CANDICE,2024-01-24,0.0026956676600224227,3.9344725020839895e-05
CANDICE,2024-01-25,0.0027245193592182007,3.6509343489384185e-05
CANDICE,2024-01-26,0.0027066030299440396,3.4184398218644356e-05
CANDICE,2024-01-27,0.0026757346924468233,3.264625344548562e-05
CANDICE,2024-01-28,0.002687895542903082,3.202842916412005e-05
CANDICE,2024-01-29,0.0027487859230040704,3.225024553807794e-05
CANDICE,2024-01-30,0.002782166510307893,3.28526061926811e-05
CANDICE,2024-01-31,0.0027815846163626945,3.364418577952988e-05
DJOUNGOU,2024-02-11,8.348225250066927e-15,1.0835101461339742e-18
DJOUNGOU,2024-02-12,8.360922170599348e-15,6.191486549336995e-19
DJOUNGOU,2024-02-13,8.348225250066927e-15,7.739358186671243e-19
DJOUNGOU,2024-02-14,8.392664471930402e-15,4.643614912002746e-19
DJOUNGOU,2024-02-15,8.37361909113177e-15,4.643614912002746e-19
DJOUNGOU,2024-02-16,8.364096400732454e-15,1.5478716373342488e-19
DJOUNGOU,2024-02-17,8.354573710333138e-15,6.191486549336995e-19
DJOUNGOU,2024-02-18,8.348225250066927e-15,-1.5478716373342488e-19
DJOUNGOU,2024-02-19,8.329179869268295e-15,3.0957432746684976e-19
DJOUNGOU,2024-02-20,8.360922170599348e-15,-1.5478716373342488e-19
DJOUNGOU,2024-02-21,8.341876789800717e-15,6.191486549336995e-19
DJOUNGOU,2024-02-22,8.354573710333138e-15,0.0
ELEANOR,2024-02-16,0.018274386863755127,0.001197832269619147
ELEANOR,2024-02-17,0.018205145751217896,0.0012165257669497938
ELEANOR,2024-02-18,0.02357647709043807,0.0012406136527272162
ELEANOR,2024-02-19,0.025101631117982828,0.0012720722740417886
ELEANOR,2024-02-20,0.030137385978285094,0.0013086069161963654
ELEANOR,2024-02-21,0.03043293488070901,0.001346427644718459
ELEANOR,2024-02-22,0.029742551465247204,0.0013772002733108198
ELEANOR,2024-02-23,0.025517372270722056,0.0013896412287505255
ELEANOR,2024-02-24,0.024781124995316907,0.0013729280558765935
ELEANOR,2024-02-25,0.020151617855307197,0.0013241783674245796
ELEANOR,2024-02-26,0.017225529147245105,0.0012465353852232296
ELEANOR,2024-02-27,0.01931859491315103,0.001148761126438599
FILIPO,2024-02-28,0.18791548399677002,0.0017963348746580063
FILIPO,2024-02-29,0.18863790092804938,0.001767462489608168
FILIPO,2024-03-01,0.19353438565701642,0.0017313094417381882
FILIPO,2024-03-02,0.19913841209003855,0.0016734817617380115
FILIPO,2024-03-03,0.19917065728582814,0.0015871914751966767
FILIPO,2024-03-04,0.1984516173857091,0.0014776382936163353
FILIPO,2024-03-05,0.19560670039152842,0.0013591163592304707
FILIPO,2024-03-06,0.19763544541351005,0.0012446191466928878
FILIPO,2024-03-07,0.19683098842938448,0.0011450070163553593
FILIPO,2024-03-08,0.19831019797882268,0.0010680772802797813
FILIPO,2024-03-09,0.1917885398564173,0.0010215678558135987
FILIPO,2024-03-10,0.17935048034875434,0.0010123230050539743
FILIPO,2024-03-11,0.1803646705223667,0.0010402664006016837
FILIPO,2024-03-12,0.1824981765922178,0.0010996227885372528
FILIPO,2024-03-13,0.1885351001701296,0.0011805070146962086
FILIPO,2024-03-14,0.1916314539625413,0.0012718526374436356
FILIPO,2024-03-15,0.19875113643192296,0.0013654881520626559
FILIPO,2024-03-16,0.20216494841647795,0.0014557846718729896
FILIPO,2024-03-17,0.20265254700577298,0.0015382316754427084
FILIPO,2024-03-18,0.1984800445572609,0.0016072481993605232
NEVILLE,2024-03-07,0.030303671682969192,-0.0004886137667144401
NEVILLE,2024-03-08,0.03170789177991509,-0.0003719358811504875
NEVILLE,2024-03-09,0.027716559915371072,-0.00023874226615441924
NEVILLE,2024-03-10,0.032976514677401356,-0.00010115801103320451
NEVILLE,2024-03-11,0.03469083776918802,2.7730568812066364e-05
NEVILLE,2024-03-12,0.034057282984955105,0.00013921536394960476
NEVILLE,2024-03-13,0.034499482184065525,0.00022729597445499995
NEVILLE,2024-03-14,0.032901314318465505,0.00029151766741665046
NEVILLE,2024-03-15,0.033089236382982626,0.00033935526263796385
NEVILLE,2024-03-16,0.0345018436379875,0.00038421721975080307
NEVILLE,2024-03-17,0.03455960676042019,0.0004380800105986142
NEVILLE,2024-03-18,0.035166378756864895,0.0005072540588886458
NEVILLE,2024-03-19,0.03725550841298835,0.0005909807424243209
NEVILLE,2024-03-20,0.03844881242707588,0.0006820611049236675
NEVILLE,2024-03-21,0.03998407113479567,0.0007678472202383886
NEVILLE,2024-03-22,0.04173331568435978,0.0008337028223288331
NEVILLE,2024-03-23,0.04022099583308588,0.0008675794889392787
NEVILLE,2024-03-24,0.03786363786710824,0.000865013375545912
NEVILLE,2024-03-25,0.036001751182440145,0.0008291458655328601
NEVILLE,2024-03-26,0.035424990271719185,0.0007698321785172511
GAMANE,2024-03-21,-0.005321738573622543,-0.0012985628676074452
GAMANE,2024-03-22,0.0009060164992217684,-0.0013554274029364314
GAMANE,2024-03-23,0.003482026955973598,-0.0014317759911442835
GAMANE,2024-03-24,-0.003385477624296662,-0.0015223980305605455
GAMANE,2024-03-25,-0.001958297044856318,-0.0016178278966077592
GAMANE,2024-03-26,-0.0002456399215346358,-0.001714610958049
GAMANE,2024-03-27,-0.006655278613446191,-0.0018136981301298428
GAMANE,2024-03-28,-0.023411000105624403,-0.0019158200979763323
GAMANE,2024-03-29,-0.031009013027658978,-0.0020219273663123712
GAMANE,2024-03-30,-0.03025702215887885,-0.0021318576701314543
GAMANE,2024-03-31,-0.02856543609436969,-0.002247077119318331
GAMANE,2024-04-01,-0.026114111097731804,-0.002360159558820372
HIDAYA,2024-04-26,-0.029554028832348294,-0.00023577966093160578
HIDAYA,2024-04-27,-0.02674118964993668,-0.0001921674798246911
HIDAYA,2024-04-28,-0.04004027719052757,-0.0001925511987713435
HIDAYA,2024-04-29,-0.037859010981696826,-0.00024573948817693337
HIDAYA,2024-04-30,-0.03687801695403253,-0.0003396034872374195
HIDAYA,2024-05-01,-0.036070087635738816,-0.0004449483003820665
HIDAYA,2024-05-02,-0.03212730001354578,-0.0005230416981353536
HIDAYA,2024-05-03,-0.03177385015511303,-0.0005359610313135771
HIDAYA,2024-05-04,-0.032574327187878754,-0.0004735284801599614
HIDAYA,2024-05-05,-0.050691396474392074,-0.0003646786167348704
HIDAYA,2024-05-06,-0.04231852040050592,-0.00025146180101758296
HIDAYA,2024-05-07,-0.0383256723848192,-0.00018003346017665567
IALY,2024-05-12,-0.00014817322679152646,-0.0008405169713403165
IALY,2024-05-13,-5.833387983649587e-05,-0.0008378607983774565
IALY,2024-05-14,0.0010951473710814148,-0.000827717970202183
IALY,2024-05-15,0.003940253377258935,-0.0008065987983556794
IALY,2024-05-16,0.005405867551008104,-0.0007723912855705004
IALY,2024-05-17,0.007235980590054647,-0.0007276283703089839
IALY,2024-05-18,0.007979338147277784,-0.0006792272314980696
IALY,2024-05-19,0.007044044254379269,-0.0006403417950400267
IALY,2024-05-20,0.0036323060837482393,-0.0006235392946986683
IALY,2024-05-21,0.0013825941027997158,-0.0006368425041818924
IALY,2024-05-22,0.0032982367050846907,-0.0006818792894566288
IALY,2024-05-23,0.0037917977963867985,-0.0007533255596244469
KIRRILY,2024-01-17,-0.03206156028292507,0.004932751433168824
KIRRILY,2024-01-18,-0.027215519133966564,0.005169360828526732
KIRRILY,2024-01-19,-0.011853996138405352,0.005356694172695669
KIRRILY,2024-01-20,-0.015553818231237691,0.005543348442726378
KIRRILY,2024-01-21,-0.0016559931461530353,0.005734472054072552
KIRRILY,2024-01-22,0.005036898768719137,0.005928716332766586
KIRRILY,2024-01-23,0.02976472834618728,0.006102163711425421
KIRRILY,2024-01-24,0.04039849710303504,0.0062100688639362455
KIRRILY,2024-01-25,0.03521832148384347,0.006195312973861192
KIRRILY,2024-01-26,0.03022933776286883,0.006030928124431295
KIRRILY,2024-01-27,0.030849299723831245,0.005724141473245765
KIRRILY,2024-01-28,0.025633908439861987,0.0053197200172218455
KIRRILY,2024-01-29,0.02606774749295025,0.004882460185590927
KIRRILY,2024-01-30,0.025341410640647682,0.004475193930454915
KIRRILY,2024-01-31,0.028563874273097062,0.004154059390899462
KIRRILY,2024-02-01,0.02923936971518856,0.003945433595872057
KIRRILY,2024-02-02,0.025123411923661184,0.0038370025122614264
KIRRILY,2024-02-03,0.018864263486119054,0.0037851030690554243
KIRRILY,2024-02-04,0.012892918453063559,0.003745346507906939
KIRRILY,2024-02-05,0.017779127249012015,0.003703344984090546
LINCOLN,2024-02-10,-0.3852430440830975,-0.0032328703142395342
LINCOLN,2024-02-11,-0.389250947154941,-0.003255470351065454
LINCOLN,2024-02-12,-0.39299383525704995,-0.0031403819964458037
LINCOLN,2024-02-13,-0.39050661350511495,-0.002910413663186363
LINCOLN,2024-02-14,-0.38266243332958516,-0.002604001061954351
LINCOLN,2024-02-15,-0.38570662604157374,-0.002265716256373909
LINCOLN,2024-02-16,-0.38190101439046203,-0.001926759861016977
LINCOLN,2024-02-17,-0.37756968870908364,-0.0015925809458508687
LINCOLN,2024-02-18,-0.3810131703264577,-0.0012747389017728678
LINCOLN,2024-02-19,-0.37190406577604135,-0.0009968527778231732
LINCOLN,2024-02-20,-0.3690548368513908,-0.000787926411872381
LINCOLN,2024-02-21,-0.3624203677609373,-0.0006648909697755086
LINCOLN,2024-02-22,-0.36712003539647436,-0.0006255767133313115
LINCOLN,2024-02-23,-0.3767476350113291,-0.0006423453628718665
LINCOLN,2024-02-24,-0.38108303689105416,-0.0006724259219098972
LINCOLN,2024-02-25,-0.38315724904084103,-0.0006777438704718801
LINCOLN,2024-02-26,-0.39144734289133476,-0.0006401029897869236
LINCOLN,2024-02-27,-0.4001842505529461,-0.000575543936397716
LINCOLN,2024-02-28,-0.39856470774765657,-0.0005328334704269521
LINCOLN,2024-02-29,-0.4002006784905926,-0.0005751271417970052
MEGAN,2024-03-11,0.04119732181264527,0.006784098095539771
MEGAN,2024-03-12,0.03348089616741344,0.007319028328787899
MEGAN,2024-03-13,0.0356059879128803,0.007601588333442432
MEGAN,2024-03-14,0.04131319716961346,0.0076220600595243776
MEGAN,2024-03-15,0.03934277262299184,0.007427131325020093
MEGAN,2024-03-16,0.03626697994418061,0.007107009838992346
MEGAN,2024-03-17,0.03659496551322527,0.00676279316968564
MEGAN,2024-03-18,0.028187178984636165,0.006471731911153272
MEGAN,2024-03-19,0.020778061092266566,0.006276140683408479
MEGAN,2024-03-20,0.016916244524673586,0.0061739874960263725
MEGAN,2024-03-21,0.00963624630540654,0.006121192098967829
MEGAN,2024-03-22,0.001563748437992103,0.006035299846222168
OLGA,2024-04-02,0.019270853995236637,0.001082341909714839
OLGA,2024-04-03,0.013143227489392886,0.0014961843925692879
OLGA,2024-04-04,0.005626003280604641,0.0019126299046891293
OLGA,2024-04-05,0.0031478319487178255,0.002279535771251479
OLGA,2024-04-06,-0.000921600841259135,0.0025415039007412204
OLGA,2024-04-07,0.00015389338675650513,0.0026722413593431296
OLGA,2024-04-08,-0.006099910729593674,0.0026804420314998174
OLGA,2024-04-09,-0.01651927176140819,0.0026072560439248456
OLGA,2024-04-10,-0.02701650252393331,0.0025130566277438283
OLGA,2024-04-11,-0.03645256646470445,0.002461261874259185
OLGA,2024-04-12,-0.03493529396757205,0.0024932474186354276
OLGA,2024-04-13,-0.028401191696700866,0.0026200821902007424
PAUL,2024-04-05,9.112139734208921e-15,6.71590487485917e-18
PAUL,2024-04-06,9.344241406684054e-15,6.71590487485917e-18
PAUL,2024-04-07,9.232488749566398e-15,6.71590487485917e-18
PAUL,2024-04-08,9.421608630842432e-15,5.036928656144378e-18
PAUL,2024-04-09,9.232488749566398e-15,3.357952437429585e-18
PAUL,2024-04-10,9.077754301249644e-15,3.357952437429585e-18
PAUL,2024-04-11,9.077754301249644e-15,5.036928656144378e-18
PAUL,2024-04-12,9.284066899005317e-15,3.357952437429585e-18
PAUL,2024-04-13,9.284066899005317e-15,5.036928656144378e-18
PAUL,2024-04-14,9.21529603308676e-15,3.357952437429585e-18
PAUL,2024-04-15,9.232488749566398e-15,3.357952437429585e-18
PAUL,2024-04-16,9.352837764923875e-15,1.6789762187147925e-18
NAT,2024-02-01,4.942439333482493e-16,2.005849161129787e-06
NAT,2024-02-02,4.5235885425094e-16,1.9270338250317626e-06
NAT,2024-02-03,4.5235885425094e-16,1.8562068036980442e-06
NAT,2024-02-04,4.3560482261201636e-16,1.791952557503036e-06
NAT,2024-02-05,4.272278067925545e-16,1.7341919657408993e-06
NAT,2024-02-06,4.649243779801329e-16,1.6853356555518858e-06
NAT,2024-02-07,4.1885079097309266e-16,1.6446882331115745e-06
NAT,2024-02-08,4.1885079097309266e-16,1.6141328442064226e-06
NAT,2024-02-09,4.3560482261201636e-16,1.5947716808707782e-06
NAT,2024-02-10,4.691128858898638e-16,1.5869291835714642e-06
NAT,2024-02-11,4.5235885425094e-16,1.5906714268779899e-06
NAT,2024-02-12,4.774899017093256e-16,1.60752775983739e-06
OSAI,2024-02-02,-7.486880309930261e-16,8.021765301146099e-06
OSAI,2024-02-03,-8.465933888921142e-16,7.95364107529369e-06
OSAI,2024-02-04,-8.12038556692436e-16,7.929676675862312e-06
OSAI,2024-02-05,-7.832428631927042e-16,7.947395041681931e-06
OSAI,2024-02-06,-7.94761140592597e-16,8.017081092691496e-06
OSAI,2024-02-07,-7.717245857928115e-16,8.136542491417117e-06
OSAI,2024-02-08,-8.293159727922751e-16,8.313734769582985e-06
OSAI,2024-02-09,-8.408342501921678e-16,8.553449543231835e-06
OSAI,2024-02-10,-7.94761140592597e-16,8.853575060119206e-06
OSAI,2024-02-11,-7.890020018926506e-16,9.214331592150448e-06
OSAI,2024-02-12,-8.523525275920605e-16,9.643703813794304e-06
OSAI,2024-02-13,-8.293159727922751e-16,1.0167237417475539e-05
ANCHA,2024-09-28,4.623180408934645e-15,8.66459176346376e-18
ANCHA,2024-09-29,4.64174739852876e-15,8.780119653643277e-18
ANCHA,2024-09-30,4.71601535690522e-15,9.704342775079412e-18
ANCHA,2024-10-01,4.753149336093451e-15,9.473286994720378e-18
ANCHA,2024-10-02,4.660314388122876e-15,8.31800809292521e-18
ANCHA,2024-10-03,4.71601535690522e-15,9.704342775079412e-18
ANCHA,2024-10-04,4.753149336093451e-15,9.935398555438445e-18
ANCHA,2024-10-05,4.734582346499335e-15,9.935398555438445e-18
ANCHA,2024-10-06,4.734582346499335e-15,9.935398555438445e-18
ANCHA,2024-10-07,4.706731862108163e-15,8.31800809292521e-18
ANCHA,2024-10-08,4.7902833152816805e-15,9.011175434002312e-18
ANCHA,2024-10-09,4.753149336093451e-15,1.016645433579748e-17
BHEKI,2024-11-07,0.0009003036669035829,3.1679638127775135e-05
BHEKI,2024-11-08,0.0008488081654659008,3.1295482483170385e-05
BHEKI,2024-11-09,0.0008062776662775192,3.083735636872685e-05
BHEKI,2024-11-10,0.0007881213150323429,3.0404213623407492e-05
BHEKI,2024-11-11,0.0007861800164171855,3.0039907407590292e-05
BHEKI,2024-11-12,0.0008164026637564913,2.973771601419941e-05
BHEKI,2024-11-13,0.0008085286047539102,2.9422558301531183e-05
BHEKI,2024-11-14,0.0008159644451568505,2.8966807475038616e-05
BHEKI,2024-11-15,0.0007929065462159267,2.828289644717911e-05
BHEKI,2024-11-16,0.0007928117016128814,2.7389537450971285e-05
BHEKI,2024-11-17,0.0007824332849951289,2.636195983502878e-05
BHEKI,2024-11-18,0.0007874686447145965,2.5333627836007795e-05
BHEKI,2024-11-19,0.0007690729845409838,2.440018791342628e-05
BHEKI,2024-11-20,0.0007262122531336613,2.3788655668746357e-05
BHEKI,2024-11-21,0.0007599437220106333,2.3560612781836685e-05
BHEKI,2024-11-22,0.0008484568412254549,2.370986565250144e-05
BHEKI,2024-11-23,0.0008810322947165712,2.412096139168722e-05
BHEKI,2024-11-24,0.0008831468053860807,2.4716871135321087e-05
BHEKI,2024-11-25,0.0008429909614129401,2.541428370658047e-05
BHEKI,2024-11-26,0.0007868293375357682,2.610720039672253e-05
ROBYN,2024-11-22,4.191911189254021e-15,5.2054412876197816e-18
ROBYN,2024-11-23,4.209561341629828e-15,3.036507417778206e-18
ROBYN,2024-11-24,4.1301356559386984e-15,3.036507417778206e-18
ROBYN,2024-11-25,4.174261036878215e-15,4.337867739683151e-18
ROBYN,2024-11-26,4.138960732126602e-15,3.470294191746521e-18
ROBYN,2024-11-27,4.183086113066118e-15,4.337867739683151e-18
ROBYN,2024-11-28,4.2360365701935375e-15,4.337867739683151e-18
ROBYN,2024-11-29,4.165435960690312e-15,4.337867739683151e-18
ROBYN,2024-11-30,4.253686722569343e-15,4.337867739683151e-18
ROBYN,2024-12-01,4.27133687494515e-15,3.470294191746521e-18
ROBYN,2024-12-02,4.324287332072569e-15,2.6027206438098908e-18
ROBYN,2024-12-03,4.280161951133053e-15,1.7351470958732605e-18
CHIDO,2024-12-02,0.11790925476755339,0.001075411796096941
CHIDO,2024-12-03,0.11582085629696258,0.0011521802047141994
CHIDO,2024-12-04,0.11467273185075573,0.0012254813761060073
CHIDO,2024-12-05,0.11391549915607403,0.0012881051575571105
CHIDO,2024-12-06,0.11546566650992386,0.0013348458900128092
CHIDO,2024-12-07,0.11802182679984453,0.0013637399725478464
CHIDO,2024-12-08,0.1182480770665058,0.0013762873701805244
CHIDO,2024-12-09,0.11907662300723465,0.0013815623743813836
CHIDO,2024-12-10,0.11840058834906142,0.0013891737578755686
CHIDO,2024-12-11,0.11830928548211556,0.001405100300618363
CHIDO,2024-12-12,0.12156129125329598,0.001427244259460578
CHIDO,2024-12-13,0.12021966112437607,0.0014483063361482693
CHIDO,2024-12-14,0.1186193738208153,0.0014625444723208203
CHIDO,2024-12-15,0.11844676824419387,0.0014692278154548437
CHIDO,2024-12-16,0.11491282865570969,0.0014755726628343738
CHIDO,2024-12-17,0.11657340759460805,0.0014907018251496258
CHIDO,2024-12-18,0.11720972146428461,0.0015211673012737424
CHIDO,2024-12-19,0.1178246414610407,0.001568504529402128
CHIDO,2024-12-20,0.11735089939549408,0.001628244220109603
CHIDO,2024-12-21,0.11719098149944061,0.0016885906048694007
